irt3m_eacc,irt6m_eacc,ltirt_eacc,ppicag_ea,ppicog_ea,ppindcog_ea,ppidcog_ea,ppiing_ea,ppinrg_ea,hicpov_ea,hicpnef_ea,hicpg_ea,hicpin_ea,hicpsv_ea,hicpng_ea,curr_eacc,m1_eacc,m2_eacc,oilpricex,hcpi_yoy,date
,,,,,,,,,,,,,,,,,,3.0,,1959-01-01
,,,,,,,,,,,,,,,,,,3.0,,1959-02-01
,,,,,,,,,,,,,,,,,,2.97,,1959-03-01
,,,,,,,,,,,,,,,,,,2.97,,1959-04-01
,,,,,,,,,,,,,,,,,,2.97,,1959-05-01
,,,,,,,,,,,,,,,,,,2.97,,1959-06-01
,,,,,,,,,,,,,,,,,,2.97,,1959-07-01
,,,,,,,,,,,,,,,,,,2.97,,1959-08-01
,,,,,,,,,,,,,,,,,,2.97,,1959-09-01
,,,,,,,,,,,,,,,,,,2.97,,1959-10-01
,,,,,,,,,,,,,,,,,,2.97,,1959-11-01
,,,,,,,,,,,,,,,,,,2.97,,1959-12-01
,,,,,,,,,,,,,,,,,,2.97,,1960-01-01
,,,,,,,,,,,,,,,,,,2.97,,1960-02-01
,,,,,,,,,,,,,,,,,,2.97,,1960-03-01
,,,,,,,,,,,,,,,,,,2.97,,1960-04-01
,,,,,,,,,,,,,,,,,,2.97,,1960-05-01
,,,,,,,,,,,,,,,,,,2.97,,1960-06-01
,,,,,,,,,,,,,,,,,,2.97,,1960-07-01
,,,,,,,,,,,,,,,,,,2.97,,1960-08-01
,,,,,,,,,,,,,,,,,,2.97,,1960-09-01
,,,,,,,,,,,,,,,,,,2.97,,1960-10-01
,,,,,,,,,,,,,,,,,,2.97,,1960-11-01
,,,,,,,,,,,,,,,,,,2.97,,1960-12-01
,,,,,,,,,,,,,,,,,,2.97,,1961-01-01
,,,,,,,,,,,,,,,,,,2.97,,1961-02-01
,,,,,,,,,,,,,,,,,,2.97,,1961-03-01
,,,,,,,,,,,,,,,,,,2.97,,1961-04-01
,,,,,,,,,,,,,,,,,,2.97,,1961-05-01
,,,,,,,,,,,,,,,,,,2.97,,1961-06-01
,,,,,,,,,,,,,,,,,,2.97,,1961-07-01
,,,,,,,,,,,,,,,,,,2.97,,1961-08-01
,,,,,,,,,,,,,,,,,,2.97,,1961-09-01
,,,,,,,,,,,,,,,,,,2.97,,1961-10-01
,,,,,,,,,,,,,,,,,,2.97,,1961-11-01
,,,,,,,,,,,,,,,,,,2.97,,1961-12-01
,,,,,,,,,,,,,,,,,,2.97,,1962-01-01
,,,,,,,,,,,,,,,,,,2.97,,1962-02-01
,,,,,,,,,,,,,,,,,,2.97,,1962-03-01
,,,,,,,,,,,,,,,,,,2.97,,1962-04-01
,,,,,,,,,,,,,,,,,,2.97,,1962-05-01
,,,,,,,,,,,,,,,,,,2.97,,1962-06-01
,,,,,,,,,,,,,,,,,,2.97,,1962-07-01
,,,,,,,,,,,,,,,,,,2.97,,1962-08-01
,,,,,,,,,,,,,,,,,,2.97,,1962-09-01
,,,,,,,,,,,,,,,,,,2.97,,1962-10-01
,,,,,,,,,,,,,,,,,,2.97,,1962-11-01
,,,,,,,,,,,,,,,,,,2.97,,1962-12-01
,,,,,,,,,,,,,,,,,,2.97,,1963-01-01
,,,,,,,,,,,,,,,,,,2.97,,1963-02-01
,,,,,,,,,,,,,,,,,,2.97,,1963-03-01
,,,,,,,,,,,,,,,,,,2.97,,1963-04-01
,,,,,,,,,,,,,,,,,,2.97,,1963-05-01
,,,,,,,,,,,,,,,,,,2.97,,1963-06-01
,,,,,,,,,,,,,,,,,,2.97,,1963-07-01
,,,,,,,,,,,,,,,,,,2.97,,1963-08-01
,,,,,,,,,,,,,,,,,,2.97,,1963-09-01
,,,,,,,,,,,,,,,,,,2.97,,1963-10-01
,,,,,,,,,,,,,,,,,,2.97,,1963-11-01
,,,,,,,,,,,,,,,,,,2.97,,1963-12-01
,,,,,,,,,,,,,,,,,,2.97,,1964-01-01
,,,,,,,,,,,,,,,,,,2.97,,1964-02-01
,,,,,,,,,,,,,,,,,,2.97,,1964-03-01
,,,,,,,,,,,,,,,,,,2.97,,1964-04-01
,,,,,,,,,,,,,,,,,,2.97,,1964-05-01
,,,,,,,,,,,,,,,,,,2.97,,1964-06-01
,,,,,,,,,,,,,,,,,,2.92,,1964-07-01
,,,,,,,,,,,,,,,,,,2.92,,1964-08-01
,,,,,,,,,,,,,,,,,,2.92,,1964-09-01
,,,,,,,,,,,,,,,,,,2.92,,1964-10-01
,,,,,,,,,,,,,,,,,,2.92,,1964-11-01
,,,,,,,,,,,,,,,,,,2.92,,1964-12-01
,,,,,,,,,,,,,,,,,,2.92,,1965-01-01
,,,,,,,,,,,,,,,,,,2.92,,1965-02-01
,,,,,,,,,,,,,,,,,,2.92,,1965-03-01
,,,,,,,,,,,,,,,,,,2.92,,1965-04-01
,,,,,,,,,,,,,,,,,,2.92,,1965-05-01
,,,,,,,,,,,,,,,,,,2.92,,1965-06-01
,,,,,,,,,,,,,,,,,,2.92,,1965-07-01
,,,,,,,,,,,,,,,,,,2.92,,1965-08-01
,,,,,,,,,,,,,,,,,,2.92,,1965-09-01
,,,,,,,,,,,,,,,,,,2.92,,1965-10-01
,,,,,,,,,,,,,,,,,,2.92,,1965-11-01
,,,,,,,,,,,,,,,,,,2.92,,1965-12-01
,,,,,,,,,,,,,,,,,,2.92,,1966-01-01
,,,,,,,,,,,,,,,,,,2.92,,1966-02-01
,,,,,,,,,,,,,,,,,,2.92,,1966-03-01
,,,,,,,,,,,,,,,,,,2.92,,1966-04-01
,,,,,,,,,,,,,,,,,,2.92,,1966-05-01
,,,,,,,,,,,,,,,,,,2.92,,1966-06-01
,,,,,,,,,,,,,,,,,,2.92,,1966-07-01
,,,,,,,,,,,,,,,,,,2.92,,1966-08-01
,,,,,,,,,,,,,,,,,,2.97,,1966-09-01
,,,,,,,,,,,,,,,,,,2.97,,1966-10-01
,,,,,,,,,,,,,,,,,,2.97,,1966-11-01
,,,,,,,,,,,,,,,,,,2.97,,1966-12-01
,,,,,,,,,,,,,,,,,,2.97,,1967-01-01
,,,,,,,,,,,,,,,,,,3.0,,1967-02-01
,,,,,,,,,,,,,,,,,,3.0,,1967-03-01
,,,,,,,,,,,,,,,,,,3.0,,1967-04-01
,,,,,,,,,,,,,,,,,,3.0,,1967-05-01
,,,,,,,,,,,,,,,,,,3.0,,1967-06-01
,,,,,,,,,,,,,,,,,,3.0,,1967-07-01
,,,,,,,,,,,,,,,,,,3.07,,1967-08-01
,,,,,,,,,,,,,,,,,,3.07,,1967-09-01
,,,,,,,,,,,,,,,,,,3.07,,1967-10-01
,,,,,,,,,,,,,,,,,,3.07,,1967-11-01
,,,,,,,,,,,,,,,,,,3.07,,1967-12-01
,,,,,,,,,,,,,,,,,,3.07,,1968-01-01
,,,,,,,,,,,,,,,,,,3.07,,1968-02-01
,,,,,,,,,,,,,,,,,,3.07,,1968-03-01
,,,,,,,,,,,,,,,,,,3.07,,1968-04-01
,,,,,,,,,,,,,,,,,,3.07,,1968-05-01
,,,,,,,,,,,,,,,,,,3.07,,1968-06-01
,,,,,,,,,,,,,,,,,,3.07,,1968-07-01
,,,,,,,,,,,,,,,,,,3.07,,1968-08-01
,,,,,,,,,,,,,,,,,,3.07,,1968-09-01
,,,,,,,,,,,,,,,,,,3.07,,1968-10-01
,,,,,,,,,,,,,,,,,,3.07,,1968-11-01
,,,,,,,,,,,,,,,,,,3.07,,1968-12-01
,,,,,,,,,,,,,,,,,,3.07,,1969-01-01
,,,,,,,,,,,,,,,,,,3.07,,1969-02-01
,,,,,,,,,,,,,,,,,,3.25,,1969-03-01
,,,,,,,,,,,,,,,,,,3.35,,1969-04-01
,,,,,,,,,,,,,,,,,,3.35,,1969-05-01
,,,,,,,,,,,,,,,,,,3.35,,1969-06-01
,,,,,,,,,,,,,,,,,,3.35,,1969-07-01
,,,,,,,,,,,,,,,,,,3.35,,1969-08-01
,,,,,,,,,,,,,,,,,,3.35,,1969-09-01
,,,,,,,,,,,,,,,,,,3.35,,1969-10-01
,,,,,,,,,,,,,,,,,,3.35,,1969-11-01
,,,,,,,,,,,,,,,,,,3.35,,1969-12-01
,,,,,,,,,,,,,,,,,,3.35,,1970-01-01
,,,,,,,,,,,,,,,,,,3.35,,1970-02-01
,,,,,,,,,,,,,,,,,,3.35,,1970-03-01
,,,,,,,,,,,,,,,,,,3.35,,1970-04-01
,,,,,,,,,,,,,,,,,,3.35,,1970-05-01
,,,,,,,,,,,,,,,,,,3.35,,1970-06-01
,,,,,,,,,,,,,,,,,,3.31,,1970-07-01
,,,,,,,,,,,,,,,,,,3.31,,1970-08-01
,,,,,,,,,,,,,,,,,,3.31,,1970-09-01
,,,,,,,,,,,,,,,,,,3.31,,1970-10-01
,,,,,,,,,,,,,,,,,,3.31,,1970-11-01
,,,,,,,,,,,,,,,,,,3.56,,1970-12-01
,,,,,,,,,,,,,,,,,,3.56,,1971-01-01
,,,,,,,,,,,,,,,,,,3.56,,1971-02-01
,,,,,,,,,,,,,,,,,,3.56,,1971-03-01
,,,,,,,,,,,,,,,,,,3.56,,1971-04-01
,,,,,,,,,,,,,,,,,,3.56,,1971-05-01
,,,,,,,,,,,,,,,,,,3.56,,1971-06-01
,,,,,,,,,,,,,,,,,,3.56,,1971-07-01
,,,,,,,,,,,,,,,,,,3.56,,1971-08-01
,,,,,,,,,,,,,,,,,,3.56,,1971-09-01
,,,,,,,,,,,,,,,,,,3.56,,1971-10-01
,,,,,,,,,,,,,,,,,,3.56,,1971-11-01
,,,,,,,,,,,,,,,,,,3.56,,1971-12-01
,,,,,,,,,,,,,,,,,,3.56,,1972-01-01
,,,,,,,,,,,,,,,,,,3.56,,1972-02-01
,,,,,,,,,,,,,,,,,,3.56,,1972-03-01
,,,,,,,,,,,,,,,,,,3.56,,1972-04-01
,,,,,,,,,,,,,,,,,,3.56,,1972-05-01
,,,,,,,,,,,,,,,,,,3.56,,1972-06-01
,,,,,,,,,,,,,,,,,,3.56,,1972-07-01
,,,,,,,,,,,,,,,,,,3.56,,1972-08-01
,,,,,,,,,,,,,,,,,,3.56,,1972-09-01
,,,,,,,,,,,,,,,,,,3.56,,1972-10-01
,,,,,,,,,,,,,,,,,,3.56,,1972-11-01
,,,,,,,,,,,,,,,,,,3.56,,1972-12-01
,,,,,,,,,,,,,,,,,,3.56,,1973-01-01
,,,,,,,,,,,,,,,,,,3.56,,1973-02-01
,,,,,,,,,,,,,,,,,,3.56,,1973-03-01
,,,,,,,,,,,,,,,,,,3.56,,1973-04-01
,,,,,,,,,,,,,,,,,,3.56,,1973-05-01
,,,,,,,,,,,,,,,,,,3.56,,1973-06-01
,,,,,,,,,,,,,,,,,,3.56,,1973-07-01
,,,,,,,,,,,,,,,,,,4.31,,1973-08-01
,,,,,,,,,,,,,,,,,,4.31,,1973-09-01
,,,,,,,,,,,,,,,,,,4.31,,1973-10-01
,,,,,,,,,,,,,,,,,,4.31,,1973-11-01
,,,,,,,,,,,,,,,,,,4.31,,1973-12-01
,,,,,,,,,,,,,,,,,,10.11,,1974-01-01
,,,,,,,,,,,,,,,,,,10.11,,1974-02-01
,,,,,,,,,,,,,,,,,,10.11,,1974-03-01
,,,,,,,,,,,,,,,,,,10.11,,1974-04-01
,,,,,,,,,,,,,,,,,,10.11,,1974-05-01
,,,,,,,,,,,,,,,,,,10.11,,1974-06-01
,,,,,,,,,,,,,,,,,,10.11,,1974-07-01
,,,,,,,,,,,,,,,,,,10.11,,1974-08-01
,,,,,,,,,,,,,,,,,,10.11,,1974-09-01
,,,,,,,,,,,,,,,,,,11.16,,1974-10-01
,,,,,,,,,,,,,,,,,,11.16,,1974-11-01
,,,,,,,,,,,,,,,,,,11.16,,1974-12-01
,,,,,,,,,,,,,,,,,,11.16,,1975-01-01
,,,,,,,,,,,,,,,,,,11.16,,1975-02-01
,,,,,,,,,,,,,,,,,,11.16,,1975-03-01
,,,,,,,,,,,,,,,,,,11.16,,1975-04-01
,,,,,,,,,,,,,,,,,,11.16,,1975-05-01
,,,,,,,,,,,,,,,,,,11.16,,1975-06-01
,,,,,,,,,,,,,,,,,,11.16,,1975-07-01
,,,,,,,,,,,,,,,,,,11.16,,1975-08-01
,,,,,,,,,,,,,,,,,,11.16,,1975-09-01
,,,,,,,,,,,,,,,,,,11.16,,1975-10-01
,,,,,,,,,,,,,,,,,,11.16,,1975-11-01
,,,,,,,,,,,,,,,,,,11.16,,1975-12-01
,,,,,,,,,,,,,,,,,,11.16,,1976-01-01
,,,,,,,,,,,,,,,,,,12.03,,1976-02-01
,,,,,,,,,,,,,,,,,,12.1,,1976-03-01
,,,,,,,,,,,,,,,,,,12.17,,1976-04-01
,,,,,,,,,,,,,,,,,,12.17,,1976-05-01
,,,,,,,,,,,,,,,,,,12.17,,1976-06-01
,,,,,,,,,,,,,,,,,,12.17,,1976-07-01
,,,,,,,,,,,,,,,,,,12.17,,1976-08-01
,,,,,,,,,,,,,,,,,,13.9,,1976-09-01
,,,,,,,,,,,,,,,,,,13.9,,1976-10-01
,,,,,,,,,,,,,,,,,,13.9,,1976-11-01
,,,,,,,,,,,,,,,,,,13.9,,1976-12-01
,,,,,,,,,,,,,,,,,,13.9,,1977-01-01
,,,,,,,,,,,,,,,,,,13.9,,1977-02-01
,,,,,,,,,,,,,,,,,,13.9,,1977-03-01
,,,,,,,,,,,,,,,,,,13.9,,1977-04-01
,,,,,,,,,,,,,,,,,,13.9,,1977-05-01
,,,,,,,,,,,,,,,,,,13.9,,1977-06-01
,,,,,,,,,,,,,,,,,,13.9,,1977-07-01
,,,,,,,,,,,,,,,,,,14.85,,1977-08-01
,,,,,,,,,,,,,,,,,,14.85,,1977-09-01
,,,,,,,,,,,,,,,,,,14.85,,1977-10-01
,,,,,,,,,,,,,,,,,,14.85,,1977-11-01
,,,,,,,,,,,,,,,,,,14.85,,1977-12-01
,,,,,,,,,,,,,,,,,,14.85,,1978-01-01
,,,,,,,,,,,,,,,,,,14.85,,1978-02-01
,,,,,,,,,,,,,,,,,,14.85,,1978-03-01
,,,,,,,,,,,,,,,,,,14.85,,1978-04-01
,,,,,,,,,,,,,,,,,,14.85,,1978-05-01
,,,,,,,,,,,,,,,,,,14.85,,1978-06-01
,,,,,,,,,,,,,,,,,,14.85,,1978-07-01
,,,,,,,,,,,,,,,,,,14.85,,1978-08-01
,,,,,,,,,,,,,,,,,,14.85,,1978-09-01
,,,,,,,,,,,,,,,,,,14.85,,1978-10-01
,,,,,,,,,,,,,,,,,,14.85,,1978-11-01
,,,,,,,,,,,,,,,,,,14.85,,1978-12-01
,,,,,,,,,,,,,,,,,,14.85,,1979-01-01
,,,,,,,,,,,,,,,,,,15.85,,1979-02-01
,,,,,,,,,,,,,,,,,,15.85,,1979-03-01
,,,,,,,,,,,,,,,,,,15.85,,1979-04-01
,,,,,,,,,,,,,,,,,,18.1,,1979-05-01
,,,,,,,,,,,,,,,,,,19.1,,1979-06-01
,,,,,,,,,,,,,,,,,,21.75,,1979-07-01
,,,,,,,,,,,,,,,,,,26.5,,1979-08-01
,,,,,,,,,,,,,,,,,,28.5,,1979-09-01
,,,,,,,,,,,,,,,,,,29.0,,1979-10-01
,,,,,,,,,,,,,,,,,,31.0,,1979-11-01
,,,,,,,,,,,,,,,,,,32.5,,1979-12-01
,,,,,,,,,,,,,,,,,,32.5,,1980-01-01
,,,,,,,,,,,,,,,,,,37.0,,1980-02-01
,,,,,,,,,,,,,,,,,,38.0,,1980-03-01
,,,,,,,,,,,,,,,,,,39.5,,1980-04-01
,,,,,,,,,,,,,,,,,,39.5,,1980-05-01
,,,,,,,,,,,,,,,,,,39.5,,1980-06-01
,,,,,,,,,,,,,,,,,,39.5,,1980-07-01
,,,,,,,,,,,,,,,,,,38.0,,1980-08-01
,,,,,,,,,,,,,,,,,,36.0,,1980-09-01
,,,,,,,,,,,,,,,,,,36.0,,1980-10-01
,,,,,,,,,,,,,,,,,,36.0,,1980-11-01
,,,,,,,,,,,,,,,,,,37.0,,1980-12-01
,,,,,,,,,,,,,,,,,,38.0,,1981-01-01
,,,,,,,,,,,,,,,,,,38.0,,1981-02-01
,,,,,,,,,,,,,,,,,,38.0,,1981-03-01
,,,,,,,,,,,,,,,,,,38.0,,1981-04-01
,,,,,,,,,,,,,,,,,,38.0,,1981-05-01
,,,,,,,,,,,,,,,,,,36.0,,1981-06-01
,,,,,,,,,,,,,,,,,,36.0,,1981-07-01
,,,,,,,,,,,,,,,,,,36.0,,1981-08-01
,,,,,,,,,,,,,,,,,,36.0,,1981-09-01
,,,,,,,,,,,,,,,,,,35.0,,1981-10-01
,,,,,,,,,,,,,,,,,,36.0,,1981-11-01
,,,,,,,,,,,,,,,,,,35.0,,1981-12-01
,,,,,,,,,,,,,,,,,,33.85,,1982-01-01
,,,,,,,,,,,,,,,,,,31.56,,1982-02-01
,,,,,,,,,,,,,,,,,,28.48,,1982-03-01
,,,,,,,,,,,,,,,,,,33.45,,1982-04-01
,,,,,,,,,,,,,,,,,,35.93,,1982-05-01
,,,,,,,,,,,,,,,,,,35.07,,1982-06-01
,,,,,,,,,,,,,,,,,,34.16,,1982-07-01
,,,,,,,,,,,,,,,,,,33.95,,1982-08-01
,,,,,,,,,,,,,,,,,,35.63,,1982-09-01
,,,,,,,,,,,,,,,,,,35.68,,1982-10-01
,,,,,,,,,,,,,,,,,,34.15,,1982-11-01
,,,,,,,,,,,,,,,,,,31.72,,1982-12-01
,,,,,,,,,,,,,,,,,,31.19,,1983-01-01
,,,,,,,,,,,,,,,,,,28.95,,1983-02-01
,,,,,,,,,,,,,,,,,,28.82,,1983-03-01
,,,,,,,,,,,,,,,,,,30.61,,1983-04-01
,,,,,,,,,,,,,,,,,,30.0,,1983-05-01
,,,,,,,,,,,,,,,,,,31.0,,1983-06-01
,,,,,,,,,,,,,,,,,,31.66,,1983-07-01
,,,,,,,,,,,,,,,,,,31.91,,1983-08-01
,,,,,,,,,,,,,,,,,,31.11,,1983-09-01
,,,,,,,,,,,,,,,,,,30.41,,1983-10-01
,,,,,,,,,,,,,,,,,,29.84,,1983-11-01
,,,,,,,,,,,,,,,,,,29.24,,1983-12-01
,,,,,,,,,,,,,,,,,,29.69,,1984-01-01
,,,,,,,,,,,,,,,,,,30.145,,1984-02-01
,,,,,,,,,,,,,,,,,,30.761,,1984-03-01
,,,,,,,,,,,,,,,,,,30.618,,1984-04-01
,,,,,,,,,,,,,,,,,,30.52,,1984-05-01
,,,,,,,,,,,,,,,,,,29.967,,1984-06-01
,,,,,,,,,,,,,,,,,,28.752,,1984-07-01
,,,,,,,,,,,,,,,,,,29.25,,1984-08-01
,,,,,,,,,,,,,,,,,,29.311,,1984-09-01
,,,,,,,,,,,,,,,,,,28.765,,1984-10-01
,,,,,,,,,,,,,,,,,,28.098,,1984-11-01
,,,,,,,,,,,,,,,,,,25.429,,1984-12-01
,,,,,,,,,,,,,,,,,,25.641,,1985-01-01
,,,,,,,,,,,,,,,,,,27.271,,1985-02-01
,,,,,,,,,,,,,,,,,,28.238,,1985-03-01
,,,,,,,,,,,,,,,,,,28.805,,1985-04-01
,,,,,,,,,,,,,,,,,,27.623,,1985-05-01
,,,,,,,,,,,,,,,,,,27.143,,1985-06-01
,,,,,,,,,,,,,,,,,,27.329,,1985-07-01
,,,,,,,,,,,,,,,,,,27.755,,1985-08-01
,,,,,,,,,,,,,,,,,,28.289,,1985-09-01
,,,,,,,,,,,,,,,,,,29.538,,1985-10-01
,,,,,,,,,,,,,,,,,,30.813,,1985-11-01
,,,,,,,,,,,,,,,,,,27.228,,1985-12-01
,,,,,,,,,,,,,,,,,,22.945,,1986-01-01
,,,,,,,,,,,,,,,,,,15.442,,1986-02-01
,,,,,,,,,,,,,,,,,,12.618,,1986-03-01
,,,,,,,,,,,,,,,,,,12.847,,1986-04-01
,,,,,,,,,,,,,,,,,,15.444,,1986-05-01
,,,,,,,,,,,,,,,,,,13.469,,1986-06-01
,,,,,,,,,,,,,,,,,,11.575,,1986-07-01
,,,,,,,,,,,,,,,,,,15.092,,1986-08-01
,,,,,,,,,,,,,,,,,,14.913,,1986-09-01
,,,,,,,,,,,,,,,,,,14.852,,1986-10-01
,,,,,,,,,,,,,,,,,,15.207,,1986-11-01
,,,,,,,,,,,,,,,,,,16.076,,1986-12-01
,,,,,,,,,,,,,,,,,,18.656,,1987-01-01
,,,,,,,,,,,,,,,,,,17.726,,1987-02-01
,,,,,,,,,,,,,,,,,,18.305,,1987-03-01
,,,,,,,,,,,,,,,,,,18.643,,1987-04-01
,,,,,,,,,,,,,,,,,,19.415,,1987-05-01
,,,,,,,,,,,,,,,,,,20.034,,1987-06-01
,,,,,,,,,,,,,,,,,,21.355,,1987-07-01
,,,,,,,,,,,,,,,,,,20.274,,1987-08-01
,,,,,,,,,,,,,,,,,,19.526,,1987-09-01
,,,,,,,,,,,,,,,,,,19.848,,1987-10-01
,,,,,,,,,,,,,,,,,,18.92,,1987-11-01
,,,,,,,,,,,,,,,,,,17.241,,1987-12-01
,,,,,,,,,,,,,,,,,,17.16,,1988-01-01
,,,,,,,,,,,,,,,,,,16.765,,1988-02-01
,,,,,,,,,,,,,,,,,,16.217,,1988-03-01
,,,,,,,,,,,,,,,,,,17.875,,1988-04-01
,,,,,,,,,,,,,,,,,,17.438,,1988-05-01
,,,,,,,,,,,,,,,,,,16.53,,1988-06-01
,,,,,,,,,,,,,,,,,,15.498,,1988-07-01
,,,,,,,,,,,,,,,,,,15.524,,1988-08-01
,,,,,,,,,,,,,,,,,,14.467,,1988-09-01
,,,,,,,,,,,,,,,,,,13.798,,1988-10-01
,,,,,,,,,,,,,,,,,,13.977,,1988-11-01
,,,,,,,,,,,,,,,,,,16.266,,1988-12-01
,,,,,,,,,,,,,,,,,,17.983,,1989-01-01
,,,,,,,,,,,,,,,,,,17.826,,1989-02-01
,,,,,,,,,,,,,,,,,,19.445,,1989-03-01
,,,,,,,,,,,,,,,,,,21.04,,1989-04-01
,,,,,,,,,,,,,,,,,,20.032,,1989-05-01
,,,,,,,,,,,,,,,,,,20.005,,1989-06-01
,,,,,,,,,,,,,,,,,,19.644,,1989-07-01
,,,,,,,,,,,,,,,,,,18.522,,1989-08-01
,,,,,,,,,,,,,,,,,,19.594,,1989-09-01
,,,,,,,,,,,,,,,,,,20.091,,1989-10-01
,,,,,,,,,,,,,,,,,,19.82,,1989-11-01
,,,,,,,,,,,,,,,,,,21.088,,1989-12-01
,,,,,,,,,,,,,,,,,,22.641,,1990-01-01
,,,,,,,,,,,,,,,,,,22.108,,1990-02-01
,,,,,,,,,,,,,,,,,,20.418,,1990-03-01
,,,,,,,,,,,,,,,,,,18.582,,1990-04-01
,,,,,,,,,,,,,,,,,,18.237,,1990-05-01
,,,,,,,,,,,,,,,,,,16.871,,1990-06-01
,,,,,,,,,,,,,,,,,,18.638,,1990-07-01
,,,,,,,,,,,,,,,,,,27.174,,1990-08-01
,,,,,,,,,,,,,,,,,,33.687,,1990-09-01
,,,,,,,,,,,,,,,,,,35.922,,1990-10-01
,,,,,,,,,,,,,,,,,,32.3,,1990-11-01
,,,,,,,,,,,,,,,,,,27.337,,1990-12-01
,,,,,,,,,,,,,,,,,,24.959,,1991-01-01
,,,,,,,,,,,,,,,,,,20.523,,1991-02-01
,,,,,,,,,,,,,,,,,,19.86,,1991-03-01
,,,,,,,,,,,,,,,,,,20.823,,1991-04-01
,,,,,,,,,,,,,,,,,,21.24,,1991-05-01
,,,,,,,,,,,,,,,,,,20.195,,1991-06-01
,,,,,,,,,,,,,,,,,,21.42,,1991-07-01
,,,,,,,,,,,,,,,,,,21.688,,1991-08-01
,,,,,,,,,,,,,,,,,,21.857,,1991-09-01
,,,,,,,,,,,,,,,,,,23.228,,1991-10-01
,,,,,,,,,,,,,,,,,,22.465,,1991-11-01
,,,,,,,,,,,,,,,,,,19.517,,1991-12-01
,,,,,,,,,,,,,,,,,,18.82,,1992-01-01
,,,,,,,,,,,,,,,,,,18.995,,1992-02-01
,,,,,,,,,,,,,,,,,,18.916,,1992-03-01
,,,,,,,,,,,,,,,,,,20.243,,1992-04-01
,,,,,,,,,,,,,,,,,,20.94,,1992-05-01
,,,,,,,,,,,,,,,,,,22.375,,1992-06-01
,,,,,,,,,,,,,,,,,,21.759,,1992-07-01
,,,,,,,,,,,,,,,,,,21.35,,1992-08-01
,,,,,,,,,,,,,,,,,,21.902,,1992-09-01
,,,,,,,,,,,,,,,,,,21.688,,1992-10-01
,,,,,,,,,,,,,,,,,,20.342,,1992-11-01
,,,,,,,,,,,,,,,,,,19.407,,1992-12-01
,,,,,,,,,,,,,,,,,,19.075,,1993-01-01
,,,,,,,,,,,,,,,,,,20.053,,1993-02-01
,,,,,,,,,,,,,,,,,,20.347,,1993-03-01
,,,,,,,,,,,,,,,,,,20.27,,1993-04-01
,,,,,,,,,,,,,,,,,,19.94,,1993-05-01
,,,,,,,,,,,,,,,,,,19.07,,1993-06-01
,,,,,,,,,,,,,,,,,,17.866,,1993-07-01
,,,,,,,,,,,,,,,,,,18.009,,1993-08-01
,,,,,,,,,,,,,,,,,,17.514,,1993-09-01
,,,,,,,,,,,,,,,,,,18.145,,1993-10-01
,,,,,,,,,,,,,,,,,,16.699,,1993-11-01
,,,,,,,,,,,,,,,,,,14.51,,1993-12-01
,,,,,,,,,,,,,,,,,,15.0,,1994-01-01
,,,,,,,,,,,,,,,,,,14.78,,1994-02-01
,,,,,,,,,,,,,,,,,,14.66,,1994-03-01
,,,,,,,,,,,,,,,,,,16.38,,1994-04-01
,,,,,,,,,,,,,,,,,,17.88,,1994-05-01
,,,,,,,,,,,,,,,,,,19.07,,1994-06-01
,,,,,,,,,,,,,,,,,,19.65,,1994-07-01
,,,,,,,,,,,,,,,,,,18.38,,1994-08-01
,,,,,,,,,,,,,,,,,,17.46,,1994-09-01
,,,,,,,,,,,,,,,,,,17.71,,1994-10-01
,,,,,,,,,,,,,,,,,,18.1,,1994-11-01
,,,,,,,,,,,,,,,,,,17.16,,1994-12-01
,,,,,,,,,,,,,,,,,,17.99,,1995-01-01
,,,,,,,,,,,,,,,,,,18.53,,1995-02-01
,,,,,,,,,,,,,,,,,,18.55,,1995-03-01
,,,,,,,,,,,,,,,,,,19.87,,1995-04-01
,,,,,,,,,,,,,,,,,,19.74,,1995-05-01
,,,,,,,,,,,,,,,,,,18.42,,1995-06-01
,,,,,,,,,,,,,,,,,,17.3,,1995-07-01
,,,,,,,,,,,,,,,,,,18.03,,1995-08-01
,,,,,,,,,,,,,,,,,,18.23,,1995-09-01
,,,,,,,,,,,,,,,,,,17.44,,1995-10-01
,,,,,,,,,,,,,,,,,,17.99,,1995-11-01
,,,,,,,,,,,,,,,,,,19.04,,1995-12-01
,,,,,,,,,,,,,,,,,,18.88,,1996-01-01
,,,,,,,,,,,,,,,,,,19.07,,1996-02-01
,,,,,,,,,,,,,,,,,,21.36,,1996-03-01
,,,,,,,,,,,,,,,,,,23.57,,1996-04-01
,,,,,,,,,,,,,,,,,,21.25,,1996-05-01
,,,,,,,,,,,,,,,,,,20.45,,1996-06-01
,,,,,,,,,,,,,,,,,,21.32,,1996-07-01
,,,,,,,,,,,,,,,,,,21.96,,1996-08-01
,,,,,,,,,,,,,,,,,,23.99,,1996-09-01
,,,,,,,,,,,,,,,,,,24.9,,1996-10-01
,,,,,,,,,,,,,,,,,,23.71,,1996-11-01
,,,,,,,,,,,,,,,,,,25.39,,1996-12-01
,,,,,,,,,,,,,,,,,,25.17,,1997-01-01
,,,,,,,,,,,,,,,,,,22.21,,1997-02-01
,,,,,,,,,,,,,,,,,,20.99,,1997-03-01
,,,,,,,,,,,,,,,,,,19.72,,1997-04-01
,,,,,,,,,,,,,,,,,,20.83,,1997-05-01
,,,,,,,,,,,,,,,,,,19.17,,1997-06-01
,,,,,,,,,,,,,,,,,,19.63,,1997-07-01
,,,,,,,,,,,,,,,,,,19.93,,1997-08-01
,,,,,,,,,,,,,,,,,,19.79,,1997-09-01
,,,,,,,,,,,,,,,,,,21.26,,1997-10-01
,,,,,,,,,,,,,,,,,,20.17,,1997-11-01
,,,,,,,,,,,,,,,,,,18.32,,1997-12-01
,,,,,,,,,,,,,,,,,,16.71,,1998-01-01
,,,,,,,,,,,,,,,,,,16.06,,1998-02-01
,,,,,,,,,,,,,,,,,,15.02,,1998-03-01
,,,,,,,,,,,,,,,,,,15.44,,1998-04-01
,,,,,,,,,,,,,,,,,,14.86,,1998-05-01
,,,,,,,,,,,,,,,,,,13.66,,1998-06-01
,,,,,,,,,,,,,,,,,,14.08,,1998-07-01
,,,,,,,,,,,,,,,,,,13.36,,1998-08-01
,,,,,,,,,,,,,,,,,,14.95,,1998-09-01
,,,,,,,,,,,,,,,,,,14.39,,1998-10-01
,,,,,,,,,,,,,,,,,,12.85,,1998-11-01
,,,,,,,,,,,,,,,,,,11.28,,1998-12-01
,,,,,,,,,,,,,,,,,,12.47,,1999-01-01
,,,,,,,,,,,,,,,,,,12.01,,1999-02-01
,,,,,,,,,,,,,,,,,,14.66,,1999-03-01
,,,,,,,,,,,,,,,,,,17.34,,1999-04-01
,,,,,,,,,,,,,,,,,,17.75,,1999-05-01
,,,,,,,,,,,,,,,,,,17.89,,1999-06-01
,,,,,,,,,,,,,,,,,,20.07,,1999-07-01
,,,,,,,,,,,,,,,,,,21.26,,1999-08-01
,,,,,,,,,,,,,,,,,,23.88,,1999-09-01
,,,,,,,,,,,,,,,,,,22.64,,1999-10-01
,,,,,,,,,,,,,,,,,,24.97,,1999-11-01
,,,,,,,,,,,,,,,,,,26.08,,1999-12-01
3.3431,3.5563,5.67,92.87147882318746,77.80972382486425,77.34018045230368,80.83597487161656,70.64796198103072,47.94898524473214,75.45374,79.86958,77.09327,81.39869,73.3178,59.0541449703627,338252.0,1986266.0,4121606.0,27.18,,2000-01-01
3.5368,3.7347,5.64,92.93233868641609,77.8872045321285,77.49578864614952,80.83841770506636,70.78973380652242,48.19350554587325,75.57422,79.89699,77.24821,81.54338,73.38831,59.10880515511927,338177.0,1987628.0,4136412.0,29.35,,2000-02-01
3.747,3.9362,5.47,92.75734777043421,77.91837873318006,77.49267664011384,80.77154398975277,70.93711414192084,48.6611560302428,75.74613,79.94708,77.51088,82.00518,73.42803,59.82097280466557,338104.0,2003675.0,4149339.0,29.89,,2000-03-01
3.9253,4.0827,5.36,92.82277077099684,77.9790839353019,77.50266237378608,80.94259233094469,71.30951093553,48.370957048097495,75.72673,79.98856,77.44042,81.81233,73.48328,59.06455667756379,338077.0,2022293.0,4174322.0,25.74,,2000-04-01
4.362,4.5439,5.53,92.88538035051815,78.21845407900098,77.80344944748677,80.88044591587435,71.61531272948808,49.17607234010395,75.83933,80.02113,77.61179,82.06382,73.51029,59.47539738183916,339633.0,2005841.0,4168507.0,28.78,,2000-05-01
4.5017,4.6811,5.36,92.88651015754309,78.22597743010395,77.83008642068103,80.8776285600502,71.62915291253766,49.910533987006986,76.12939,80.14963,78.00295,82.60468,73.65348,60.795192650835034,339702.0,2001262.0,4171277.0,31.83,,2000-06-01
4.5829,4.8369,5.44,93.71038278212414,79.09687432663866,78.70343761119919,81.6991419367064,72.50253848610414,51.055143998009875,76.23125,80.17274,78.07603,82.60537,73.79779,61.87465416138094,338861.0,2011982.0,4183450.0,29.77,,2000-07-01
4.7771,5.011,5.4,93.69235191208023,79.23877769705214,78.86524276927618,81.75660697718186,72.73922662081785,51.50104434937638,76.37843,80.32479,78.24012,82.72441,73.92075,61.910317601029384,338998.0,2022187.0,4209465.0,31.22,,2000-08-01
4.8528,5.038,5.45,93.78994749472392,79.39291266384811,79.16787419584556,81.69418489982652,73.02003346298274,53.11265562811996,76.74846,80.39947,78.82432,83.5691,73.97877,63.53014603925839,340027.0,2015210.0,4212330.0,33.88,,2000-09-01
5.0413,5.1033,5.4,93.76650638772858,79.72206950828587,79.40570547251029,81.95881973427699,73.33301446754889,54.26023882386995,76.80238,80.51914,78.83149,83.48232,74.10128,63.707906678301256,340479.0,2022687.0,4225858.0,33.08,,2000-10-01
5.092,5.1308,5.34,93.79571030701916,79.88506441805163,79.57594295016946,81.91459314226826,73.39918648586762,55.12299166213129,77.02568,80.65944,79.087,83.71142,74.27823,64.8826393449514,338400.0,2019092.0,4226830.0,34.4,,2000-11-01
4.9392,4.9197,5.09,93.56740880343652,80.02016558784055,79.73389093492122,81.9677801042972,73.57523399321055,54.090262289943226,76.93095,80.61831,79.006,83.44821,74.16309,64.4446251688557,338222.0,2025182.0,4226952.0,28.46,,2000-12-01
4.7707,4.6753,4.99,94.40556552983143,81.01702505349331,80.74046584046147,82.76478853589649,74.49159804314587,53.97923781935435,76.88363,80.66591,78.79569,82.9683,74.34292,63.85635344551759,341715.0,2094231.0,4340387.0,29.58,1.89505516890216,2001-01-01
4.7558,4.6664,4.99,94.29519015771106,81.29308590583435,81.00350517246338,82.86404543928623,74.3168245953691,53.811543478477816,77.11261,80.76539,79.06313,83.19264,74.51864,64.13056087485332,341389.0,2104954.0,4363192.0,29.61,2.0356015583091747,2001-02-01
4.7086,4.5769,4.9,94.20162147566447,81.41334730917235,81.28001553009891,82.89646607904959,74.04479626482056,53.031746131529616,77.27944,80.87,79.29889,83.2787,74.58965,63.30910635109904,338758.0,2106179.0,4382791.0,27.24,2.0242750355694783,2001-03-01
4.682,4.5664,5.06,94.14817742110853,81.57095594118181,81.49240956465198,82.97244852596937,73.72555574665157,53.721521994802366,77.56938,81.05631,79.58416,83.47654,74.88658,63.9490227490847,337223.0,2124789.0,4412550.0,27.41,2.4332887475795983,2001-04-01
4.6367,4.5578,5.26,94.11690010380197,81.63862960093721,81.41989677875947,83.01183035945522,73.5530490652412,53.81491541693046,77.91315,81.15794,80.12046,83.94564,74.96251,64.84846011578445,332581.0,2142955.0,4429759.0,28.64,2.7344914571370893,2001-05-01
4.4536,4.3529,5.2,94.22615519009302,81.84141211848764,81.64560393692256,83.10409939017305,73.48607603819677,53.59266800331539,78.04509,81.31129,80.24204,84.00992,75.10911,64.51527962710377,330236.0,2158667.0,4467986.0,27.6,2.516373768396152,2001-06-01
4.4671,4.3873,5.22,94.25655033188919,81.8376102056424,81.64787562930474,83.35333098482364,73.2565327530268,52.496950375600974,78.09329,81.50455,80.19825,83.81028,75.28563,63.48450713364347,324137.0,2157872.0,4481145.0,26.45,2.4426203164712446,2001-07-01
4.3535,4.2249,5.02,94.31150042345521,81.73810230565651,81.45580214071812,83.16758252773589,73.05299255784588,51.93393095335486,78.13532,81.64436,80.16572,83.73063,75.43165,63.02088849573009,318925.0,2173000.0,4501923.0,27.47,2.3002436682712624,2001-08-01
3.9829,3.8758,5.01,94.26705518151489,81.54853028896183,81.22811321301009,83.15900964687997,72.90533051429358,51.676217128920655,78.31586,81.78272,80.34316,83.92532,75.61682,62.83411265986058,309476.0,2190698.0,4533918.0,25.88,2.042255961878592,2001-09-01
3.5999,3.4593,4.78,94.32948926922889,81.66691675029374,81.44666636315483,83.20009125016652,72.66509009825522,50.29979365450795,78.32341,81.96018,80.20953,83.61857,75.82118,62.02641620393522,298029.0,2202764.0,4553696.0,22.21,1.980446439290029,2001-10-01
3.3857,3.2625,4.63,94.34902537625243,81.78955482022052,81.57545951939031,83.41866394128874,72.6796197886139,50.0662648193601,78.32234,82.1204,80.05934,83.41166,76.028,61.77885079454396,280120.0,2220198.0,4588671.0,19.67,1.6834125969416913,2001-11-01
3.3449,3.2556,4.9,94.40217708700177,81.99853050663107,81.71528347110912,83.55022450733784,72.63266559686265,50.257662268814215,78.42271,82.28382,80.09723,83.3081,76.21564,61.81203990488222,233960.0,2221922.0,4615510.0,19.33,1.939089534186178,2001-12-01
3.3388,3.3423,4.99,94.54597653640289,82.11078389616638,81.92832049922295,83.65523178318587,72.49772397293029,50.52368226251763,78.92308,82.6152,80.71625,83.71105,76.55278,62.314806182335424,249531.0,2247196.0,4645232.0,19.67,2.6526453030378594,2002-01-01
3.3571,3.3976,5.05,94.66624078324944,82.06109302354982,81.88163254092602,83.62864191432125,72.47288857482928,50.287332283267396,79.00876,82.76862,80.71127,83.8043,76.76382,62.02756136842673,243840.0,2248416.0,4650397.0,20.74,2.458936352951868,2002-02-01
3.3908,3.5001,5.29,94.6450535152891,82.15999412218315,81.82852426460852,83.74876723283225,72.45808297863918,50.582569500428264,79.191,82.9034,80.87374,84.02926,76.97362,62.17256645557072,253514.0,2238965.0,4662027.0,24.42,2.4735686490481967,2002-03-01
3.4069,3.536,5.28,94.44247025895844,82.19157102049775,81.90757996062558,83.69783420629872,72.53834238213473,51.31512129375782,79.41876,83.01431,81.16317,84.44192,77.11648,63.46433068220353,263216.0,2273547.0,4697507.0,26.27,2.384162410476942,2002-04-01
3.4671,3.6264,5.3,94.30554662708042,82.17500711036385,81.95713111165934,83.73351016762798,72.48907236135109,51.01216272223464,79.49283,83.16078,81.12752,84.3773,77.34222,63.03174740848369,273249.0,2293570.0,4719009.0,27.02,2.0274882994719023,2002-05-01
3.464,3.5903,5.15,94.18100338752102,82.11125279178836,81.91850083625658,83.77608950535424,72.68101404542469,50.35129968610226,79.50917,83.304,81.03742,84.28194,77.50565,62.4476152506661,283005.0,2304238.0,4735880.0,25.52,1.8759412027073097,2002-06-01
3.41,3.4836,5.0,93.86656042125888,82.05058196294011,81.86222596239693,83.5848178187258,72.79356332073182,50.40021558615518,79.67665,83.49353,81.14909,84.37877,77.75044,62.61006598816766,293161.0,2323079.0,4761547.0,26.94,2.027523747558857,2002-07-01
3.3519,3.3798,4.72,93.59405261812523,82.23156806475454,82.03574223233029,83.76043255592492,72.86178655847323,50.34379927757747,79.80819,83.59873,81.28716,84.50197,77.87315,62.79182482872291,300475.0,2340395.0,4785365.0,28.38,2.14099078368144,2002-08-01
3.3101,3.2695,4.51,93.20005186959828,82.40839549074403,82.20607311213568,83.92630112370179,72.82652340155981,50.802122389290375,79.96883,83.68732,81.46459,84.68094,78.01081,62.87825156259565,307939.0,2369110.0,4821013.0,29.67,2.1106452767038375,2002-09-01
3.2613,3.1676,4.6,93.16244991826495,82.44234426559402,82.219215822877,83.84780005148782,72.84491934317275,51.29160177341942,80.09064,83.80018,81.5684,84.81904,78.15765,63.538852392556684,315180.0,2380902.0,4847022.0,28.85,2.256324130933529,2002-10-01
3.1241,3.0369,4.58,92.9843941104584,82.42676516775157,82.20892813231445,83.83414935215447,72.82316143293578,51.06857483153037,80.10312,83.97533,81.43618,84.60189,78.37003,63.323649147324616,321594.0,2417288.0,4890882.0,26.27,2.2736552559589063,2002-11-01
2.941,2.8924,4.41,93.02200580086276,82.51885639217296,82.44140006140539,83.8669506801446,72.8937040385598,52.354282818499605,80.22692,84.08655,81.55974,84.72043,78.49435,64.24087035317945,334339.0,2442884.0,4915147.0,29.42,2.300621847931561,2002-12-01
2.8318,2.7581,4.25,92.80407042382568,82.64026540028871,82.44469464939922,83.98987115678813,73.02483153645564,53.84631783045072,80.6193,84.20247,82.08742,85.25542,78.70252,66.03258776246261,315310.0,2454715.0,4922129.0,32.94,2.1492065438905694,2003-01-01
2.6875,2.5777,4.03,92.6473003371329,82.59563351467372,82.41776745267852,84.06996647138614,73.06731617610156,54.83075492529628,80.86121,84.28792,82.42192,85.61788,78.81835,66.87980936609519,323396.0,2481185.0,4968610.0,35.87,2.3446134327383517,2003-02-01
2.53,2.4507,4.08,92.51833344962127,82.39519051671303,82.26796365215898,83.98745694204305,73.04097041109472,54.55742678384209,81.09122,84.45257,82.6781,85.90383,79.01291,67.00670254059887,330370.0,2499997.0,5000011.0,33.55,2.3995403518076497,2003-03-01
2.5333,2.4695,4.22,92.39460653205083,82.43219587521043,82.24797807379251,83.93744261642546,72.93743385644667,52.50440826993214,81.00213,84.56515,82.38443,85.3523,79.20287,64.9018939567252,337685.0,2531994.0,5048210.0,28.25,1.9936977107172016,2003-04-01
2.4005,2.3084,3.9,91.93555773573263,82.2254139512199,82.11048640343424,83.98999589356994,72.7269614286961,51.32597182306706,80.95089,84.67645,82.23325,85.09062,79.28796,63.53676433378092,343303.0,2549757.0,5088934.0,28.14,1.8342031602095465,2003-05-01
2.1519,2.0843,3.7,91.565576866826,82.22359665646646,82.03169193420244,83.89349169118422,72.51998694546273,51.61912888994502,81.08345,84.78177,82.34707,85.09531,79.44621,63.65260309409684,348939.0,2558373.0,5096544.0,30.72,1.9799980304158638,2003-06-01
2.13,2.0925,4.03,91.78760766332319,82.48795793247014,82.29974521478114,84.05216601779556,72.32128269329046,51.7961856943445,81.23378,84.88505,82.5207,85.26124,79.56491,63.90467364791803,355944.0,2576935.0,5123636.0,30.76,1.954311583130064,2003-07-01
2.1404,2.1721,4.19,91.82106795586168,82.54882623378086,82.43817061421127,84.09553822159302,72.17663761325767,52.298850452842636,81.41157,84.96658,82.70647,85.40176,79.73202,64.36540892401857,362472.0,2607442.0,5160933.0,31.59,2.0090419291553863,2003-08-01
2.1473,2.1776,4.23,91.89893273587461,82.82279255515871,82.7346205623514,84.14819872766624,72.38994881246987,51.569809182429246,81.6254,85.13809,82.91926,85.46436,79.94748,64.12573956772253,366636.0,2623849.0,5167505.0,28.29,2.0715196158303195,2003-09-01
2.1436,2.1727,4.28,91.67073238161511,82.77676052629353,82.65380732545285,84.04540268787848,72.36306586600718,51.541872572387874,81.68953,85.2334,82.94553,85.45385,80.06334,64.0873065322137,372598.0,2655345.0,5200531.0,30.33,1.9963506347308702,2003-10-01
2.159,2.2241,4.41,91.73369051236182,82.85329279728361,82.73497367204631,84.01983110510686,72.5481144814532,52.640004804852374,81.77489,85.31308,83.01124,85.43801,80.1756,64.99587598994962,380184.0,2663643.0,5217471.0,31.09,2.0870223282189126,2003-11-01
2.1463,2.1995,4.35,91.67719177677455,82.74505182718113,82.56459864961757,84.09203660106859,72.76988291467883,53.025348115149974,81.81131,85.41495,82.9756,85.43779,80.31038,65.62420476602779,389637.0,2681722.0,5238327.0,32.15,1.9748857366081118,2003-12-01
2.0895,2.1154,4.22,91.42163827099745,82.64620213099418,82.54445009539036,83.90761043508817,72.84835318137915,52.5483774571773,82.09805,85.66889,83.21563,85.68551,80.66033,65.81564609585594,392689.0,2704804.0,5259980.0,34.27,1.8342382035070992,2004-01-01
2.0706,2.0859,4.18,91.19443697986581,82.82533134809783,82.65502332509834,84.00338441499792,73.1998360212352,52.17605896501886,82.21017,85.85597,83.26037,85.78825,80.86334,65.54843626721927,398055.0,2722810.0,5281581.0,34.74,1.668241175218621,2004-02-01
2.0288,2.0185,4.0,91.40547921903595,83.28167644651883,83.15650893803739,84.26248868123243,73.69394369435332,52.523922934847754,82.46316,85.93925,83.5813,85.99431,81.02497,65.8332842276074,404025.0,2760683.0,5316424.0,36.76,1.6918477734087611,2004-03-01
2.0488,2.0614,4.19,91.5968113168828,83.44322458549365,83.25521108272466,84.42818025306119,74.01228664572865,53.092541200671796,82.70118,86.15066,83.81168,86.30686,81.27348,66.18800174099609,409713.0,2776949.0,5341144.0,36.69,2.097537435126706,2004-04-01
2.0859,2.136,4.35,91.8463560467263,83.5530234486723,83.34130515181903,84.63107526020987,74.43822177327218,54.84976418270926,82.91843,86.17974,84.16547,86.77554,81.30693,67.85714816831067,416557.0,2774765.0,5355734.0,40.28,2.430535352977592,2004-05-01
2.1127,2.1885,4.41,91.85649726928385,83.62994675285239,83.43510872795949,84.8229232617181,74.63113474182612,54.48570272894384,83.01652,86.35668,84.17261,86.71117,81.52765,67.5702279181702,421578.0,2796512.0,5385279.0,38.02,2.384050012672123,2004-06-01
2.116,2.1878,4.31,91.70288451951653,83.70788702491073,83.52266286749723,84.71131203353883,75.01995202162443,54.77875603581017,83.12668,86.44828,84.26936,86.84611,81.65598,67.61003616933003,429126.0,2820299.0,5421035.0,40.69,2.330188254196708,2004-07-01
2.1143,2.1691,4.15,91.61787764617682,83.84967918451103,83.7282542056455,84.82395008016404,75.45078851204245,55.58451747209745,83.31581,86.60507,84.4531,87.20231,81.85254,68.41114725982058,434388.0,2834917.0,5438154.0,44.94,2.3390287154516187,2004-08-01
2.1186,2.2003,4.1,91.57088437655233,83.82364458248261,83.64002090302836,84.96423711196509,75.69592854605482,56.175712898800654,83.36125,86.70071,84.39068,87.13685,82.04338,68.3946664917475,439851.0,2868123.0,5484081.0,45.95,2.1266051988719115,2004-09-01
2.1473,2.1906,3.98,91.56792739296635,83.7606485365453,83.64234799545639,84.902002427586,76.12972213559495,57.99603376606553,83.59206,86.76319,84.72574,87.69407,82.13387,70.42548935802675,445854.0,2888055.0,5518152.0,53.13,2.328976553053974,2004-10-01
2.1703,2.2173,3.86,91.35620819147579,83.83174627024454,83.71312241439878,84.95446829173828,76.43774135515334,57.77160376049032,83.5907,86.88233,84.59303,87.48447,82.30953,70.73993481575694,451289.0,2913177.0,5542737.0,48.46,2.220498248300906,2004-11-01
2.1732,2.2065,3.65,91.18692620464348,83.92184423064103,83.74336349696625,84.95111185658723,76.52267944688721,57.3175027363371,83.68501,87.01473,84.60192,87.13858,82.51904,70.28414094012763,457793.0,2905953.0,5573540.0,43.33,2.290270135021677,2004-12-01
2.1454,2.192,3.6,91.3866888192368,84.22193890050931,84.0111022271347,85.37603437155529,76.86963460576045,58.39306886252512,83.7333,87.09771,84.57515,87.17388,82.67141,69.94412935613634,464278.0,2963795.0,5623288.0,46.84,1.9918256280142987,2005-01-01
2.1384,2.1846,3.59,91.25654105695523,84.31052388362274,84.14549004754011,85.38442056226937,76.90919527217221,59.014933957955606,83.92718,87.15173,84.80793,87.37428,82.81164,70.82347630093153,469064.0,2990384.0,5653315.0,47.97,2.0885615490151777,2005-02-01
2.1372,2.1918,3.74,91.11275375440903,84.3048866614083,84.07969838651722,85.2660225591137,76.93419738473898,60.41573656472759,84.21877,87.25339,85.18884,87.82765,82.97977,71.83839981130059,475726.0,3006328.0,5679341.0,54.31,2.128962799873313,2005-03-01
2.1372,2.1722,3.54,91.2399520565545,84.29555532300198,84.20876433151474,85.43775034412377,76.85558801089941,61.4425823422151,84.43674,87.34064,85.47092,88.30045,83.10917,72.93019536718077,481174.0,3024122.0,5721454.0,53.04,2.0985915799508703,2005-04-01
2.1256,2.1441,3.38,91.25643653095766,84.37107678889294,84.27444756303342,85.27683748029534,76.56462659414993,60.83590785781637,84.502,87.45458,85.49274,88.251,83.23471,72.38149400644546,486778.0,3054725.0,5762299.0,49.83,1.909792551547329,2005-05-01
2.111,2.1069,3.22,91.4418520802181,84.63946363579728,84.53592269019374,85.35931393537965,76.64892928561719,62.58476294317553,84.67075,87.51201,85.7054,88.56266,83.34281,73.60693095223812,493953.0,3256960.0,5824959.0,56.26,1.9926515830825053,2005-06-01
2.1194,2.1345,3.28,91.31809140214781,84.52611751124905,84.44026252482676,85.48045613437566,76.46294259715752,63.49342272631327,84.93696,87.6069,86.0588,89.13373,83.4885,75.03052938416737,498261.0,3302577.0,5885266.0,58.7,2.177736437928246,2005-07-01
2.1325,2.1595,3.3,91.4189371079638,84.42741944490085,84.29964043946137,85.56603253853328,76.66552357339555,64.58675732331916,85.15805,87.73641,86.2951,89.42812,83.68878,76.02677307251973,502105.0,3323473.0,5914509.0,64.97,2.2111529612447,2005-08-01
2.1391,2.1666,3.14,91.66442905942402,84.62780821850012,84.43201626970901,85.38021764543625,76.7185157052903,66.44210986088211,85.51144,87.83148,86.80515,90.09815,83.82545,78.61307031467857,508701.0,3343523.0,5980748.0,65.57,2.5793639130891055,2005-09-01
2.1966,2.272,3.3,91.66422738011228,84.71486702418238,84.60287393939349,85.63186752030683,77.04079380977232,67.248110233758,85.61799,87.94841,86.90191,90.22889,83.94571,79.08743774825639,512486.0,3370621.0,6001860.0,62.37,2.423591427224081,2005-10-01
2.3609,2.5002,3.51,91.77398867190801,85.00922178622766,84.88879851792149,85.68274931405877,77.43222363157572,66.99112670702235,85.4677,88.04255,86.56519,89.62027,84.05364,77.84677896496001,517649.0,3390768.0,6027064.0,58.3,2.2454651055679564,2005-11-01
2.4729,2.6003,3.4,91.72296653523794,85.20125520046052,85.12537209893487,85.70995549553213,77.79006996772159,68.05476264916607,85.53706,88.14367,86.57901,89.48798,84.20007,78.32612408863234,520831.0,3422279.0,6093186.0,59.43,2.2131203664790045,2005-12-01
2.5117,2.6507,3.38,91.55120023030588,85.3203283685961,85.31070498742383,85.65122529457966,78.12266454994864,70.10093291728954,85.77048,88.18797,86.91419,89.968,84.29297,79.6858004952886,526589.0,3445371.0,6124570.0,65.51,2.432938866615797,2006-01-01
2.6004,2.7248,3.53,91.68131471344999,85.39705653739814,85.44553521911466,85.56182371980137,78.55839090567764,70.96233968796774,85.91107,88.26662,87.04375,90.02881,84.44899,79.96150242530011,531602.0,3470031.0,6175649.0,61.63,2.3638230189552356,2006-02-01
2.7226,2.872,3.72,91.70778483257573,85.44607893068118,85.52124701294704,85.67607246217592,78.82046662435603,71.23248732427587,86.05875,88.39934,87.1913,90.21156,84.59703,79.66829579329631,535629.0,3489442.0,6222149.0,62.9,2.1847623754182033,2006-03-01
2.7938,2.9561,3.98,91.57731938353942,85.54688065181976,85.55412735499023,85.54642457037812,79.24174773459092,72.58680225292143,86.38409,88.51052,87.67791,90.90699,84.69958,81.14185120287513,539910.0,3523343.0,6295495.0,69.69,2.3062827863794766,2006-04-01
2.889,3.0582,4.04,91.57246517349239,85.79342958664049,85.81073145301636,85.72987160279477,79.81324923814987,72.5781399341042,86.61117,88.62848,87.93772,91.14682,84.88165,81.58212430614043,545009.0,3553540.0,6317503.0,70.94,2.4960000946723238,2006-05-01
2.9857,3.158,4.05,91.63486958759748,85.83407984015479,85.81728993551073,85.80442070740578,80.02875412985448,72.19272675760106,86.75348,88.78555,88.07404,91.25202,85.03242,81.22938324254532,550449.0,3560905.0,6363553.0,70.96,2.4597986908111658,2006-06-01
3.1022,3.2875,4.08,91.73214842847067,85.92067584494973,85.93341639687996,85.92542306996933,80.57721966204065,73.16932790570606,87.01151,88.90024,88.39299,91.57067,85.20645,81.80800947954695,554690.0,3554322.0,6369246.0,74.41,2.442458500987077,2006-07-01
3.2265,3.4096,3.95,91.61023823055359,86.10744370613435,86.07703415143779,85.9049991325803,80.73185048014497,72.79235668695321,87.12282,88.96491,88.51424,91.59465,85.30415,82.16462584859029,559285.0,3565013.0,6406721.0,73.05,2.307204075245961,2006-08-01
3.3354,3.5275,3.83,91.6692878812758,86.04038286906253,86.02789554002469,86.00986987248577,80.98271853876358,70.78859827932943,87.00823,89.12641,88.18294,90.95102,85.48933,79.92697201295674,564879.0,3590868.0,6486139.0,63.87,1.750397373731527,2006-09-01
3.502,3.6446,3.86,91.78938570501303,86.18563832562242,86.1817434745834,86.07258630382552,81.45160286830387,69.77682813052296,86.95596,89.24172,87.97597,90.59017,85.65108,78.99110218611835,570402.0,3589937.0,6500180.0,58.88,1.5627206385013137,2006-10-01
3.5972,3.7281,3.79,91.69321077005019,86.18401576175826,86.16441987265065,86.21405725490565,81.74349780710227,70.4086451989544,87.05194,89.38126,88.00318,90.52313,85.84237,79.52877991650462,574070.0,3617914.0,6556170.0,59.37,1.8536125343258325,2006-11-01
3.6842,3.7894,3.85,91.74878423769496,86.27635304043336,86.30718577617986,86.14509466122733,82.06671949841952,71.2535366750548,87.15399,89.49982,88.0912,90.63331,85.96395,80.81677891993712,579206.0,3696019.0,6663329.0,62.03,1.8903268361105674,2006-12-01
3.7519,3.8897,4.1,91.93582242896429,86.42579260110185,86.41516019037076,86.1272196897596,82.62089572785912,69.97629588076076,87.38008,89.76064,88.23596,90.81267,86.30297,80.4848717639664,582166.0,3696560.0,6705357.0,54.57,1.876636343879623,2007-01-01
3.8182,3.9444,4.12,91.9028443567738,86.49258877025572,86.44546813727871,86.36193380993642,82.64231632268731,70.31584432267968,87.51451,89.92192,88.31843,90.94862,86.50954,80.73672869612481,586058.0,3718712.0,6739280.0,59.26,1.8663950990250866,2007-02-01
3.8909,3.9963,4.02,91.88298951682704,86.58424631323058,86.56230267728112,86.3806739976913,83.03892233757774,70.73712909387281,87.69869,90.00445,88.56493,91.33403,86.60762,81.30034246480467,592039.0,3746750.0,6825507.0,60.56,1.9056051825061315,2007-03-01
3.9753,4.0974,4.23,91.80982149323714,86.780950285929,86.78919492593748,86.56707934198732,83.42713004094553,70.99260605102299,88.08375,90.25061,88.96546,91.6921,86.97174,81.50191622209735,594895.0,3744814.0,6850746.0,63.97,1.9675613877509157,2007-04-01
4.0714,4.1966,4.36,91.7670954332583,87.00163445700412,87.03151671980292,86.66586817492812,83.63197520253696,71.26607617212771,88.2684,90.38377,89.18344,91.99561,87.11046,81.61211075885087,598220.0,3773413.0,6917829.0,63.46,1.9134137086475045,2007-05-01
4.1478,4.283,4.64,91.71668752084463,87.12509909266504,87.19913441252649,86.8356414862103,83.775698036897,70.9088297850882,88.39942,90.45081,89.32659,92.11213,87.22483,81.53433697172774,601388.0,3794192.0,6987296.0,67.48,1.897261066645406,2007-06-01
4.2162,4.3585,4.6,91.73938506948409,87.52101417596054,87.52341510731353,86.97276168528262,83.67227903636653,70.73736196598495,88.5826,90.59652,89.52469,92.30497,87.38757,81.62473115885872,606047.0,3821040.0,7057569.0,74.18,1.8056116943608869,2007-07-01
4.5436,4.5938,4.42,91.80922259339172,87.78144270551331,87.85166544018293,87.14998722977569,83.70481138265664,71.03032095883465,88.65669,90.66996,89.56669,92.10202,87.5062,81.44680970222207,610192.0,3810958.0,7100108.0,72.39,1.7605835072831644,2007-08-01
4.7417,4.7513,4.37,91.49523125230529,88.04797962559958,88.21352476926201,87.32033316678843,83.64342165134633,72.60749244832849,88.85635,90.74783,89.83147,92.2661,87.61592,82.5188196716186,612128.0,3831681.0,7161755.0,79.93,2.124074929463582,2007-09-01
4.6874,4.6634,4.41,91.33263102789425,88.57700057241296,88.68222605654371,87.42138570962949,83.80468148263374,74.30990185690328,89.15277,90.87878,90.21971,92.45516,87.78552,83.72720540078427,617367.0,3829110.0,7267682.0,86.2,2.526347820206909,2007-10-01
4.6385,4.6297,4.25,91.21717287899075,88.77464307920202,88.96100643216522,87.55771032600445,84.10141919625154,78.44934193928698,89.69472,91.06166,90.99029,93.35206,88.01149,87.3926337675928,620797.0,3854352.0,7323179.0,94.62,3.0358657141931644,2007-11-01
4.8484,4.8194,4.36,91.46762815604355,89.16859590938789,89.39637048237869,87.78507811893893,84.45217411466068,79.62904011065861,89.82309,91.18972,91.09187,93.31791,88.17714,88.33178629793564,625818.0,3839555.0,7356073.0,91.73,3.062510391090534,2007-12-01
4.4815,4.5014,4.19,91.52381137657926,89.53060217794888,89.83236420139664,88.01389664073089,84.79979114132762,79.86886383302452,90.21996,91.38909,91.56763,93.74468,88.46632,88.9647834416986,628747.0,3852397.0,7440745.0,92.95,3.250031357261274,2008-01-01
4.3621,4.3565,4.13,91.43678516180492,89.78854156295863,90.04597105193909,88.05747679562586,85.51379925629954,80.47559836470205,90.34168,91.47198,91.68345,93.78225,88.59623,88.99455058221469,634717.0,3845184.0,7505318.0,95.35,3.2305157167651366,2008-02-01
4.5964,4.593,4.07,91.34980704324263,90.01014110800203,90.2949100922872,88.09146494786084,85.7016168416358,81.3993058087527,90.76795,91.69611,92.18186,94.37942,88.92408,90.21249011077855,637093.0,3859561.0,7536659.0,105.56,3.4997786169896017,2008-03-01
4.7835,4.7954,4.28,91.31725627802119,90.07831135483309,90.38534448910404,88.18263060518642,85.94923744887711,82.36803411407071,90.96581,91.73832,92.48228,94.63955,88.98161,90.180122420424,643088.0,3840284.0,7616022.0,112.57,3.2719542480877717,2008-04-01
4.8574,4.8975,4.43,91.35240060087891,90.29881830749424,90.52673449689557,88.19162572627236,86.30378515112785,85.26127162659844,91.49199,91.91937,93.19456,95.54772,89.25331,92.70843160672537,645540.0,3857591.0,7674618.0,125.39,3.652031757684515,2008-05-01
4.9405,5.0883,4.78,91.42505844981977,90.52270714821161,90.89095104266036,88.1706484444318,86.80084532079354,87.22762498187852,91.90946,92.08095,93.7749,96.30296,89.44802,94.44842301073483,648817.0,3857729.0,7700435.0,133.93,3.970659536001464,2008-06-01
4.961,5.1482,4.76,91.53649652918168,90.61084468959967,91.0077630824505,88.20432219463012,87.60838710175646,89.4829738140808,92.1849,92.16237,94.15,96.6444,89.58717,95.68620041429857,651200.0,3828594.0,7750811.0,133.44,4.066599986904884,2008-07-01
4.9652,5.1602,4.48,91.80074067740716,90.87887652271455,91.24893006236107,88.37725197582112,87.73010322456086,87.78653656116698,92.01071,92.31992,93.69323,95.90096,89.80004,93.5611039073312,654945.0,3822371.0,7787840.0,116.61,3.7831549993576408,2008-08-01
5.0192,5.219,4.43,92.1104331578156,90.95679786328844,91.30127885531927,88.61676205914688,87.95663772187838,87.59834320133923,92.08956,92.44262,93.74328,95.9032,89.91842,93.94572466305851,660529.0,3884458.0,7865188.0,103.9,3.638693239143853,2008-09-01
5.1131,5.1781,4.31,92.49759793618901,91.00314022775342,91.31723663789509,88.89294131623207,87.34309959423756,85.13871594219651,91.95966,92.61795,93.35985,95.24717,90.13582,92.25596617827922,700957.0,3977681.0,8010727.0,76.65,3.1484046990351455,2008-10-01
4.2383,4.2948,4.1,92.74442371607988,90.6699857644142,90.96556695916419,88.82272507467245,86.1875541428913,79.68609622145834,91.58438,92.77381,92.54507,94.05179,90.36244,88.26526077943458,705333.0,3967905.0,8035211.0,57.44,2.106768380569113,2008-11-01
3.2926,3.3653,3.73,92.4591231345501,90.37383426355575,90.50439509736238,88.82531704604325,84.99931474572551,76.33472083325324,91.23146,92.85668,91.82389,92.92217,90.5138,85.21775780848678,710943.0,3992578.0,8041762.0,41.02,1.5679375982278199,2008-12-01
2.4565,2.5389,3.88,92.50764467022437,89.72698543925803,89.83856632074348,88.8044290202399,83.63345188047718,75.15500164286216,91.28132,92.90886,91.84029,92.90632,90.60944,84.24714965604613,717157.0,4091136.0,8089401.0,41.74,1.176413733723658,2009-01-01
1.9431,2.034,3.94,92.8205554237636,89.68596140803986,89.73978581380173,88.97045788179396,82.80423556052183,74.68187284110317,91.42522,93.02856,91.98974,93.09851,90.74591,84.68500351021544,721740.0,4132097.0,8112143.0,39.16,1.1993799539703032,2009-02-01
1.6355,1.7745,3.85,92.73138587256497,89.49693847740133,89.58474637869419,89.10628226849013,82.06207708937794,72.8578279523028,91.32589,93.08554,91.79566,92.89705,90.77601,82.83978045779317,726363.0,4147215.0,8093515.0,47.98,0.6146883343735254,2009-03-01
1.4223,1.6083,3.84,92.7175778154372,89.45822127927511,89.4606430224149,89.0982956587237,81.30663095072606,71.21775282825158,91.45543,93.25843,91.82541,92.97695,91.04212,82.32165725519928,730086.0,4190537.0,8145669.0,49.79,0.5382461828240759,2009-04-01
1.2817,1.4803,3.95,92.52380769170779,89.18133611679077,89.20424258725606,89.0991005753884,80.84638399176382,71.5417107601182,91.52241,93.32868,91.86455,93.07738,91.14722,82.23307552898524,731494.0,4207878.0,8140833.0,59.16,0.03324881227306786,2009-05-01
1.2279,1.4356,4.09,92.41906804936568,89.12122810036331,89.09257191695971,89.19516284377542,80.77517052982192,72.5997216270213,91.77395,93.36356,92.24003,93.62284,91.22959,83.91795408792302,732580.0,4258226.0,8155197.0,69.68,-0.14743857705180607,2009-06-01
0.975,1.2129,3.89,92.32972367050444,89.10414132803801,88.99066433081072,89.22600205089249,80.66091334646485,70.6700743356562,91.61464,93.39052,91.91573,93.18591,91.29568,82.58548598242434,736606.0,4314634.0,8184207.0,64.09,-0.6186045653897798,2009-07-01
0.8605,1.1154,3.73,92.1955752141355,88.98346960549445,88.95235319548998,89.1942678826382,80.99512282788726,72.61158388318428,91.84899,93.50769,92.22493,93.67007,91.42792,84.62677813515248,740145.0,4346194.0,8176976.0,71.06,-0.17576214768911802,2009-08-01
0.7721,1.0423,3.7,92.13095458297252,88.97731662816726,88.92122261799433,89.10203325504696,81.0886862871778,72.04090047090303,91.79042,93.56554,92.02594,93.33636,91.56128,84.0980478752424,744300.0,4400713.0,8189516.0,69.46,-0.32483595317428504,2009-09-01
0.7375,1.0167,3.67,92.03761299731879,88.74459338925996,88.6623804414375,89.07651727157324,81.3397641761865,73.46466134210353,91.805,93.63727,91.94033,93.25856,91.71284,84.68976901586885,747082.0,4448680.0,8195862.0,75.82,-0.1681824399959675,2009-10-01
0.7162,0.9931,3.66,92.04350295388653,88.97794748764092,88.8771709185135,89.20293089739282,81.75448943070943,74.8227905843325,92.00358,93.7158,92.19426,93.5828,91.83595,86.3068646568944,752075.0,4467737.0,8181093.0,78.08,0.45771997364616457,2009-11-01
0.712,0.9956,3.64,92.16307006559659,88.98684793441741,88.9246581479245,89.28720088303153,82.1974867222924,75.43809894007906,92.03792,93.82546,92.17612,93.53963,91.94207,86.71629387670997,757006.0,4499550.0,8207839.0,74.3,0.8839713844325248,2009-12-01
0.6798,0.9773,3.75,92.10536026223176,89.12358963290707,89.04853029281956,89.30237423564711,82.61835188163384,76.67579116986023,92.30445,93.88119,92.60147,94.07047,91.99463,87.35400859631137,761587.0,4545385.0,8220765.0,78.22,1.120853642344355,2010-01-01
0.6617,0.9645,3.72,92.23711273582356,89.18888325265424,89.13472676558793,89.18417038683366,82.75501040798002,76.71183864117187,92.33777,93.93033,92.60503,94.04564,92.06812,87.05823939945019,765485.0,4568331.0,8228832.0,76.42,0.9981381505015818,2010-02-01
0.645,0.9524,3.63,92.41900534272985,89.1699737911415,89.06345069658614,89.32512667154086,83.25435671489626,77.49628063000911,92.65162,93.98461,93.0866,94.65769,92.15603,88.37940574094124,769916.0,4580958.0,8230444.0,81.24,1.4516475010536434,2010-03-01
0.6447,0.9552,3.68,92.5967139378096,89.3269883140262,89.22156471529063,89.40648196445748,84.12438524440178,78.8009838526823,92.96107,94.08027,93.5353,95.1788,92.27795,89.52301790647881,773213.0,4632696.0,8264563.0,84.48,1.6463101206784625,2010-04-01
0.6865,0.9822,3.52,93.00053230381079,89.4574639357925,89.3601147300023,89.60111907874318,84.78140833284483,78.86360303334547,93.01819,94.12359,93.60833,95.35909,92.31367,90.07458148150188,779296.0,4649309.0,8283333.0,73.84,1.6343319630678588,2010-05-01
0.7276,1.0118,3.6,93.22493280260467,89.71599442880857,89.59358266339217,89.81536625615466,85.24779820629111,79.06097216587773,93.08671,94.22891,93.63797,95.32426,92.4347,89.66848191491977,783363.0,4674690.0,8314433.0,75.35,1.4304276976200736,2010-06-01
0.8488,1.1042,3.6,93.11695651147267,89.6865696862073,89.66733645934578,89.8242118381208,85.32857934654841,79.15219388744056,93.22375,94.34808,93.80144,95.44165,92.53623,89.9487654443718,784955.0,4680518.0,8331067.0,76.37,1.7563895901353765,2010-07-01
0.8955,1.1472,3.34,93.19422285014211,89.80074560063946,89.66542413349234,89.89060420691759,85.55575762979767,78.96482844961197,93.3074,94.4352,93.85089,95.42087,92.66609,90.07904108660544,788014.0,4693166.0,8367919.0,76.82,1.5878345532160942,2010-08-01
0.8805,1.1373,3.39,93.24617701185524,89.89797188246501,89.85188237616886,89.99715503706241,85.94318221391867,79.63347247765752,93.40962,94.53244,93.92611,95.51885,92.80484,90.65673041822303,788812.0,4676240.0,8367910.0,75.31,1.764018510864207,2010-09-01
0.9977,1.2239,3.36,93.06316603155412,89.9989804272536,89.92245314161579,90.0764106833557,86.44904080589217,80.02736682556782,93.5721,94.68119,94.05256,95.70206,93.01606,91.89589047455516,790351.0,4678750.0,8387527.0,81.9,1.9248406949512464,2010-10-01
1.042,1.269,3.75,93.1357841453393,90.28152244066754,90.18906273639158,90.1876571179989,87.11716139340216,81.42040653254779,93.75701,94.76656,94.30809,95.95698,93.10591,93.1644485162301,793412.0,4687979.0,8404159.0,84.14,1.9058280123447346,2010-11-01
1.0217,1.2507,4.12,93.35362462558916,90.6004986591576,90.64329908852483,90.36205072042799,87.89242095228046,84.04040710804927,94.06489,94.80436,94.80989,96.55484,93.15251,96.01929166335859,795300.0,4710694.0,8423299.0,89.04,2.2023205218023145,2010-12-01
1.0172,1.2536,4.22,93.51269456671065,91.10596834217424,91.0385747409774,90.49362516060408,88.98228177788046,84.86963196033905,94.53903,95.04262,95.4719,97.51943,93.37104,97.4538324493969,801182.0,4715716.0,8436054.0,89.42,2.4208800334111658,2011-01-01
1.0867,1.3523,4.31,93.5716833316487,91.29164423602234,91.32755834539981,90.70988424432392,89.69246661237263,85.29807443549433,94.74765,95.12397,95.68801,97.67463,93.56969,98.00029354221573,803074.0,4718429.0,8444617.0,89.58,2.609852934503376,2011-02-01
1.1755,1.4833,4.39,93.6143081580874,91.65437060445308,91.64633435286918,90.73776131864567,90.1512345354289,86.90733527451829,95.08954,95.1586,96.13804,98.19414,93.76451,99.57430176934902,805292.0,4727336.0,8458122.0,102.94,2.63127617196548,2011-03-01
1.3212,1.6214,4.54,93.57225461992941,91.91197774747891,91.99963496237095,90.92488278340244,90.44141161406844,88.53188896333239,95.42518,95.35315,96.5615,98.70824,93.98081,100.47429858619968,806960.0,4712016.0,8456009.0,110.04,2.6506902297918744,2011-04-01
1.4251,1.7068,4.46,93.68601128036659,92.13752193708078,92.22145006885575,90.99336978730835,90.61170729184072,88.11744397469727,95.48445,95.42598,96.62626,98.60671,94.03265,100.32722162453294,811421.0,4710610.0,8480338.0,101.33,2.6513738871934533,2011-05-01
1.4886,1.7493,4.48,93.62197108588916,92.10803585178539,92.19390483977455,91.01588934301462,90.54100148627424,87.79863425101269,95.50125,95.53736,96.5597,98.52122,94.16313,100.12409149204632,815863.0,4728150.0,8495988.0,96.29,2.593861143013876,2011-06-01
1.5976,1.8182,4.62,93.90443187525457,92.16221803043904,92.23806948750983,91.20847496917231,90.81168060401333,88.91989239838357,95.72677,95.66527,96.79858,98.75789,94.37065,101.04177981170791,819886.0,4730745.0,8509521.0,97.19,2.684959573070178,2011-07-01
1.5521,1.7548,4.15,93.8977660135656,92.20041434707886,92.26046264360335,91.38800674777967,90.65798289664384,88.36115513401965,95.87685,95.85071,96.98093,98.92925,94.47692,100.79344487115114,822674.0,4764855.0,8558299.0,86.33,2.753747291211628,2011-08-01
1.5365,1.736,4.05,94.16217210632638,92.41370942350112,92.48240940229229,91.59581745806089,90.53678967959266,89.5490698262704,96.09345,95.93091,97.27974,99.20649,94.58168,101.74625694781116,832312.0,4774497.0,8593759.0,85.61,2.8731837256162684,2011-09-01
1.5759,1.7761,4.25,94.2702762690495,92.63342675787338,92.76619128767872,91.67647046047156,90.33217565910142,90.77754313542239,96.33637,96.09177,97.60167,99.51611,94.71715,103.04366292724943,839211.0,4779936.0,8572193.0,86.41,2.954160481596535,2011-10-01
1.4847,1.7065,4.66,94.429401836976,92.89341315118827,93.01085427151378,91.77679593391294,90.32547224014087,92.09620361274908,96.54283,96.21354,97.85708,99.76497,94.85712,104.44159250891784,844176.0,4790210.0,8588089.0,97.21,2.9713191578955023,2011-11-01
1.4261,1.6707,4.52,94.67118887665653,93.12319041619438,93.16487486752722,91.86090589728296,90.32929587501009,92.37823389323583,96.63066,96.315,97.9201,99.7969,94.97885,104.90597108962294,844784.0,4803786.0,8607320.0,98.57,2.7276595975395335,2011-12-01
1.2222,1.5047,4.52,94.92044503701628,93.40699289601739,93.54085856357017,92.01465869321646,90.31063864890828,94.30239722585591,97.06214,96.51314,98.52031,100.65066,95.18213,106.39519722183053,848703.0,4821347.0,8644031.0,100.24,2.6688553923178704,2012-01-01
1.0483,1.3454,4.31,94.7930061987283,93.61041677851746,93.73571296661457,92.13286278739837,90.54092347452409,95.09885142422348,97.34794,96.59841,98.9044,100.96493,95.33503,107.09946253323322,851155.0,4824871.0,8679871.0,102.25,2.7444374609818745,2012-02-01
0.8585,1.1637,3.96,94.89497180902373,93.7242646274818,93.91403474633951,92.14143975203066,90.66321415803476,95.90453313096886,97.66004,96.72305,99.33855,101.48851,95.48205,107.95175854478005,851832.0,4856040.0,8723292.0,106.19,2.7032415973407664,2012-03-01
0.7443,1.0402,4.12,95.0105945347119,93.68405005455513,93.86419802402683,92.2263553333317,90.69188379479432,95.99272083219418,97.90716,96.86947,99.63926,101.88326,95.6568,108.71187627558157,849326.0,4831364.0,8704188.0,103.33,2.6009696811680083,2012-04-01
0.6849,0.9704,4.14,95.0783580556779,93.82113667752928,93.99165280729792,92.27770293125363,90.69197864979235,95.16188527846343,97.80801,96.9306,99.42933,101.52242,95.70766,107.99780734397524,857067.0,4881060.0,8746773.0,94.7,2.433443351247244,2012-05-01
0.6589,0.9345,4.15,95.35078134247037,93.91322168807663,94.10015798161307,92.30301985002056,90.56901250379046,93.58554871762665,97.79866,97.08241,99.27855,101.11187,95.88994,106.71648741528209,863508.0,4909295.0,8779098.0,82.41,2.405633434117349,2012-06-01
0.497,0.7794,4.02,95.39691071231074,94.23591244294325,94.41979453544722,92.47199370738309,90.26434595577686,94.71454481216438,98.00068,97.24095,99.54532,101.52059,96.00443,107.4906970396149,863768.0,4971911.0,8829323.0,87.93,2.375417033291738,2012-07-01
0.3324,0.6061,3.9,95.60031534854504,94.5140172038466,94.77516919874412,92.57018867028461,90.55084364133678,97.23015690642849,98.33678,97.26163,100.04566,102.13547,96.1183,109.8518149424214,867681.0,5004569.0,8846566.0,94.16,2.5657184189926907,2012-08-01
0.2463,0.4839,3.67,95.38096965509878,94.63518482303058,94.81925301773377,92.59171772483474,90.85277072231045,96.81738920979366,98.60774,97.38769,100.43793,102.5766,96.22515,110.93301225178094,867475.0,5025079.0,8875881.0,94.72,2.616505079170328,2012-09-01
0.2079,0.4118,3.47,95.62268354371646,94.94383402193807,95.1798333310116,92.69544991437647,90.99210097738349,96.47539734925446,98.75503,97.53152,100.57102,102.52073,96.39182,111.02037310602128,867291.0,5072266.0,8948155.0,89.57,2.5106405815373822,2012-10-01
0.192,0.3604,3.37,95.61592518591972,94.9785805094751,95.30564673556331,92.800118662111,90.98050722544296,95.60490456103315,98.67954,97.60278,100.39749,102.15518,96.44912,109.9928123503117,865555.0,5096612.0,8975122.0,86.66,2.213224948968251,2012-11-01
0.1855,0.3238,3.08,95.46164530230858,95.12654394718417,95.35864419450157,92.89768794767443,91.02066149533465,95.1565801599974,98.77111,97.74722,100.39015,102.0101,96.6748,109.95525502693789,864527.0,5102595.0,8998474.0,88.25,2.215083701177223,2012-12-01
0.2049,0.3443,3.02,95.31323716165228,95.11857128257755,95.44252088211746,92.7391482633924,90.94905123041465,95.70027425250134,98.99882,97.81691,100.68957,102.3545,96.80834,110.79730787103561,862349.0,5105555.0,9014275.0,94.69,1.9952990939618553,2013-01-01
0.2234,0.3619,3.12,95.29432554351875,95.13237981365008,95.45405236197733,92.65006615897805,90.82047343768308,95.75281276700393,99.13635,97.82344,100.9095,102.67632,96.83762,111.4822124811301,863357.0,5144982.0,9049240.0,95.32,1.8371318386398272,2013-02-01
0.2061,0.3288,3.0,95.48278589920265,95.20161422460521,95.48760233483802,92.62829265476215,90.7524316432597,94.20993466225121,99.27752,98.046,100.99343,102.65858,97.05408,109.95003990803202,867128.0,5173010.0,9079682.0,93.05,1.6562352421727544,2013-03-01
0.2089,0.3243,2.79,95.45344576168085,95.28699320745818,95.5631802273904,92.61978979212573,90.20260754446336,92.42665218843584,99.18078,97.99344,100.88748,102.36225,96.96941,108.63648810576323,877457.0,5215171.0,9108326.0,92.07,1.3008445960438486,2013-04-01
0.2012,0.2995,2.65,95.4681485614225,95.43105211685547,95.80437638384771,92.65507615600906,89.80764345718057,92.06282619582777,99.21902,98.10704,100.83645,102.04239,97.12495,107.82062538692642,880211.0,5241782.0,9129445.0,94.8,1.4426323570022603,2013-05-01
0.2103,0.3208,3.01,95.37281035834643,95.51323162965488,95.79704355285364,92.57066652087207,89.69203161143962,92.04798510970366,99.36062,98.18903,101.00297,102.10599,97.23387,108.34405469406437,881983.0,5240787.0,9126627.0,95.8,1.5971179973222505,2013-06-01
0.2214,0.3358,3.07,95.50295541928224,95.61131164494685,96.0052728444502,92.51733487013989,89.57125710465348,92.43082796834891,99.51924,98.22109,101.21956,102.31499,97.31636,109.06432087862161,885851.0,5272637.0,9147571.0,104.61,1.5495402684960968,2013-07-01
0.2259,0.3422,3.12,95.5019983838236,95.71818540965957,96.08266100875774,92.53626202212358,89.50288918408218,92.67035188844663,99.58382,98.23299,101.23899,102.33824,97.44028,109.58262377016553,891256.0,5314438.0,9183775.0,106.57,1.2681318220913784,2013-08-01
0.2232,0.34,3.23,95.62669088686388,95.75178000543957,96.14581852548001,92.58864291933844,89.42049035815776,92.62475260884412,99.65753,98.34609,101.29123,102.5763,97.54223,109.73877128850887,894368.0,5345103.0,9198843.0,106.29,1.0646121693895338,2013-09-01
0.2258,0.3415,3.03,95.78914653563324,95.61345102341546,95.95067711969246,92.62529114154982,89.29612223085083,91.40475147149529,99.48173,98.35037,100.99651,102.23686,97.52265,108.7081022263265,900138.0,5380840.0,9219721.0,100.54,0.7358612518268526,2013-10-01
0.2234,0.3269,2.9,95.5769310404263,95.5590637388205,95.88530959938629,92.65565783972998,89.31702545687246,91.39865952879308,99.49323,98.49271,100.84608,102.01492,97.74696,108.42931093238698,904922.0,5402217.0,9235023.0,93.86,0.8245782256382617,2013-11-01
0.2735,0.3706,2.96,95.55623135629317,95.40594289125855,95.82861743070048,92.55831265087764,89.32639077605855,92.68063686702374,99.68024,98.53954,101.12927,102.19949,97.80762,109.68191328885122,910102.0,5386119.0,9212026.0,97.63,0.9204412099854009,2013-12-01
0.292,0.396,2.83,95.42324316962154,95.36335789941603,95.6753323091668,92.68523663158453,89.32059202166222,91.9477297794965,99.76655,98.6326,101.13296,102.13973,98.00078,109.67212795044823,913279.0,5416893.0,9239268.0,94.62,0.7754940917477526,2014-01-01
0.2881,0.3866,2.64,95.49944773582517,95.27353828796788,95.58797913038785,92.56775642370411,89.22643508347473,90.67488755497922,99.83736,98.78273,101.15405,102.28611,98.13589,109.05694382599023,917307.0,5451336.0,9267544.0,100.82,0.7071170161096374,2014-02-01
0.3053,0.4069,2.49,95.33975578320994,95.10011473947748,95.48999240227606,92.60293492188396,88.86126862547525,89.64532170121433,99.81202,98.83845,101.03442,102.17485,98.23249,107.9774924119898,923017.0,5475017.0,9284719.0,100.8,0.5383897583259634,2014-03-01
0.3297,0.4299,2.36,95.3849714874269,95.27274588291269,95.65145139030965,92.49446115443929,88.72344611678857,89.44617629145526,99.83483,98.90109,100.95171,102.08075,98.39176,107.79395058562964,925189.0,5479764.0,9287884.0,102.07,0.6594523656700435,2014-04-01
0.3246,0.4169,2.22,95.43403111454144,95.32984789748541,95.71083632773735,92.5245974199999,88.7451278404599,89.39999413888002,99.74631,98.82146,100.87163,102.02734,98.29233,107.88600444411544,929595.0,5516258.0,9337820.0,102.18,0.5314404435762254,2014-05-01
0.2414,0.3332,2.08,95.70497189720203,95.40592425548368,95.78975544204862,92.62532860606437,88.81145027627915,89.78344510711466,99.83022,98.89615,100.92253,102.08496,98.41892,108.15938585889248,931482.0,5548049.0,9362807.0,105.79,0.4726218495818557,2014-06-01
0.205,0.3046,1.95,95.7066009093819,95.39799004886599,95.69852456125393,92.54948017426418,88.95268177450104,88.53501741356796,99.8391,98.91864,100.88881,101.98401,98.4829,107.91629039378165,936752.0,5580718.0,9390708.0,103.59,0.3214051875798152,2014-07-01
0.1916,0.2918,1.77,95.80125193346423,95.33835610479424,95.70800895797383,92.58585059357834,89.02699581991439,87.7796427250823,99.87455,99.05069,100.87459,101.95614,98.58259,107.48414379826892,943434.0,5626751.0,9433034.0,96.54,0.2919450167707893,2014-08-01
0.0971,0.1997,1.66,96.14692517512995,95.26866669439396,95.56632198692789,92.78266838018875,89.07617690739538,88.24416498455992,99.98532,99.10867,101.01138,102.01898,98.6597,107.27701717552833,948200.0,5683788.0,9482753.0,93.21,0.32891644013253174,2014-09-01
0.0826,0.1837,1.61,96.53286111295887,95.087991892286,95.32573066649863,93.08400618985152,89.19784743963831,87.09376360807413,99.87162,99.07828,100.75539,101.6162,98.73002,106.4737078587701,952381.0,5723293.0,9500212.0,84.4,0.39192121005535707,2014-10-01
0.0809,0.1818,1.54,96.38349190069286,95.03481233094304,95.2595226552329,93.23477411108256,89.07295169003095,85.72056933254794,99.80452,99.19334,100.49325,101.22041,98.91513,105.34734659553237,958592.0,5788176.0,9559214.0,75.79,0.31287555947274726,2014-11-01
0.0809,0.1765,1.34,96.4033633559538,95.06450790311689,95.26935044989108,93.33529918519287,88.75843687851155,82.82727164982606,99.51621,99.27418,99.90948,100.31987,99.00891,102.48884395187882,970330.0,5941966.0,9676028.0,59.29,-0.1645561848566901,2014-12-01
0.0627,0.1523,1.12,97.01289033396534,95.2909088328441,95.5889010516949,93.31718385161895,88.2718131871708,80.09696715511443,99.36951,99.53924,99.24941,99.29636,99.52444,99.4791214370875,984094.0,6037612.0,9745960.0,47.22,-0.39796905876767763,2015-01-01
0.0482,0.1258,1.02,97.39468464842298,95.61081780955507,95.92165769738568,93.57667800301448,88.12199072803301,82.10439968098287,99.73152,99.71925,99.74164,99.84759,99.71847,100.63661896190041,990165.0,6091007.0,9761926.0,50.58,-0.1060124185976119,2015-02-01
0.0272,0.0969,0.89,97.6057800209992,96.02099422541933,96.32395988443314,93.77651374176531,88.40338869303952,82.45482269443904,99.92896,99.73837,100.12652,100.42974,99.67411,101.93791912382152,990175.0,6151855.0,9815782.0,47.82,0.11716023781505047,2015-03-01
0.0047,0.0728,0.89,98.0579939058271,95.97861151918028,96.26157459098862,93.972990588189,88.75429730809905,82.84000271549523,100.01871,99.78082,100.25701,100.49476,99.71132,101.92691588777664,1002366.0,6206168.0,9865617.0,54.45,0.18418421707133703,2015-04-01
-0.0104,0.0571,1.3,97.78932502308068,95.72055163562388,95.91064804688398,93.99368966623742,88.86683737351987,82.57225038243747,100.20912,99.90296,100.45403,100.78002,99.89321,102.6360375617568,1007481.0,6271825.0,9909778.0,59.27,0.4639870888456965,2015-05-01
-0.0139,0.0492,1.62,97.78871297548477,95.67106037745393,95.9560943197571,94.06453604163603,88.79247550445251,82.17178877353854,100.25423,99.95453,100.50222,100.80113,99.93433,102.32092430628585,1014354.0,6325590.0,9947884.0,59.82,0.42473110847598416,2015-06-01
-0.0187,0.0487,1.32,97.89602465699205,95.69387331185915,95.89471187306593,94.18438000026883,88.83824019955931,81.10595779597173,100.16144,99.97496,100.34267,100.64423,99.92766,101.86254562490328,1022477.0,6392616.0,10012113.0,50.9,0.3228594809047802,2015-07-01
-0.0277,0.0439,1.38,97.98911392887743,95.55209400222418,95.72771359175407,94.1295355188894,88.4506728750077,78.77921112891995,100.09072,100.10924,100.10503,100.09105,100.07225,99.98873742059627,1025335.0,6424845.0,10030998.0,42.87,0.21644152589423982,2015-08-01
-0.037,0.0353,1.37,97.93763097402395,95.59217871855395,95.78745994270759,94.07982277266787,88.02931537787136,77.3396384087351,100.02706,100.16455,99.91455,99.5989,100.17219,97.95637718384575,1028290.0,6459866.0,10060424.0,45.48,0.041746128331654475,2015-09-01
-0.0536,0.0197,1.19,97.58977540320036,95.68186864411668,96.02253585384089,94.04948104653941,87.69845097052163,76.52763489254299,100.11562,100.31758,99.93534,99.53397,100.34817,97.2622561278282,1030564.0,6527378.0,10124558.0,46.22,0.2443136498637033,2015-10-01
-0.0876,-0.0154,1.17,98.23678596790661,95.94843565040392,96.16869198926169,94.02621157668841,87.44964335687314,76.05442365226719,100.14905,100.3789,99.90016,99.50278,100.47009,97.4088006073563,1036337.0,6583484.0,10182417.0,42.44,0.34520480635547024,2015-11-01
-0.1263,-0.0398,1.2,98.17475408391859,95.7363120727435,96.02884328462622,94.10873514012847,87.2381160186491,74.20185498712564,99.94406,100.4196,99.4714,98.97947,100.55375,96.32288885542741,1037865.0,6612393.0,10217313.0,37.19,0.42992995814450374,2015-12-01
-0.1461,-0.0608,1.15,97.89332362080296,95.49060973997342,95.6761936396802,94.24841471163029,86.83918463681307,71.77299058475099,99.6952,100.5124,98.91717,98.2683,100.69488,93.97825198517911,1042710.0,6670355.0,10268839.0,31.68,0.3277564717789172,2016-01-01
-0.1836,-0.1153,1.03,97.90666752695556,95.32147918785904,95.42642116811332,94.37502025465416,86.29537560564789,70.1912737807554,99.62026,100.58276,98.78277,98.06153,100.69588,92.57434368029232,1045384.0,6733011.0,10320213.0,30.32,-0.11155951498583727,2016-02-01
-0.2285,-0.1336,0.92,97.57646968827213,95.219792532246,95.34363201893927,94.45635707504773,86.00153217740873,71.46059272394096,99.84843,100.70836,99.03426,98.33098,100.89429,93.24752431940367,1049804.0,6757516.0,10342705.0,37.55,-0.08058724918182936,2016-03-01
-0.2492,-0.138,0.92,97.44205501143242,94.95832807216459,95.04356162802797,94.44084844686809,85.94706357886045,71.10417362111278,99.83444,100.60655,99.15689,98.38068,100.70581,93.16422578870637,1049111.0,6804786.0,10383940.0,40.75,-0.18423552953241717,2016-04-01
-0.2572,-0.1445,0.9,97.65438621828419,95.08997497883442,95.18331860725999,94.56774114674464,86.17932350401294,72.38525555521,100.07783,100.70395,99.48315,98.82959,100.84337,94.23661646767508,1051446.0,6849266.0,10423954.0,46.71,-0.13101601930043394,2016-05-01
-0.2679,-0.1624,0.81,97.5680344415482,95.34783642450716,95.43664729887215,94.62279457659703,86.39199288714215,73.9625767738377,100.28881,100.7296,99.78866,99.21672,100.93364,95.67579603896225,1054699.0,6871798.0,10452292.0,48.76,0.034492310199762954,2016-06-01
-0.2945,-0.1882,0.61,97.6687302669753,95.52463154179088,95.61640402662718,94.72531356391625,86.54503351946892,74.27513892344243,100.30708,100.80188,99.73289,98.95439,101.04647,95.12630063057365,1058956.0,6928484.0,10502607.0,44.65,0.14540525775188495,2016-07-01
-0.2982,-0.1887,0.57,97.75746670672882,95.69322761269028,95.77960782920111,94.7655011321474,86.6822638983387,74.37958136502893,100.30816,100.89649,99.6501,98.72944,101.15466,94.6483084995026,1061934.0,6970524.0,10528589.0,44.72,0.21724291722549083,2016-08-01
-0.3016,-0.1991,0.62,97.56628936097333,95.82623163472438,96.02591588033512,94.76202030244642,86.77605585098802,74.19842506761805,100.43437,100.9796,99.76717,98.99258,101.29255,95.32869694887783,1066535.0,7005097.0,10569166.0,45.18,0.40719981173094055,2016-09-01
-0.309,-0.2071,0.73,98.37326995609125,96.20170620988209,96.34081855514732,94.71644570306455,86.91728179915242,75.54801141623352,100.63795,101.0917,100.03494,99.4833,101.41415,96.39097834201561,1071322.0,7059544.0,10591645.0,49.78,0.5217267794975333,2016-10-01
-0.3127,-0.2148,1.0,98.61422825401496,96.27258145947658,96.48504012584719,94.71878149159421,87.36699910363907,75.27988310610098,100.75813,101.19983,100.10165,99.41804,101.60264,96.10838588061212,1074867.0,7137436.0,10662425.0,45.66,0.6081735173723457,2016-11-01
-0.3158,-0.2179,1.04,98.53595124019316,96.60725234407113,96.79124136604315,94.78146611891336,87.84574519807977,78.13920657281537,101.06953,101.30754,100.50427,99.87342,101.79754,98.53355264231575,1076527.0,7158597.0,10710530.0,51.97,1.126099940306613,2016-12-01
-0.3255,-0.2355,1.1,98.57738636838423,96.6544187545435,96.8299882694141,94.86276027964674,88.49860397487798,80.62684882177459,101.41634,101.36232,101.10321,100.6113,101.82639,101.0431368516042,1081480.0,7208244.0,10759056.0,52.5,1.7264020735201058,2017-01-01
-0.3286,-0.2405,1.24,98.40066091346344,96.77731648903693,97.08387193576458,94.85331098306325,89.13293555089555,79.9706822519771,101.57709,101.41365,101.27981,100.48907,101.96718,100.93078197698469,1086011.0,7263871.0,10814115.0,53.47,1.9642891917768468,2017-02-01
-0.3293,-0.2407,1.27,98.98163722054267,96.80009141333318,97.03636826453197,94.94716372285141,89.47735721803693,78.71089638435866,101.48881,101.54599,101.0475,100.42741,102.06055,100.12017377818644,1090024.0,7344648.0,10881654.0,49.33,1.6428700982078714,2017-03-01
-0.3304,-0.2455,1.14,98.76558700320454,97.36264795838954,97.64993972137897,95.02027182566887,89.64410501173633,79.11575330769541,101.64214,101.75185,101.06247,100.49902,102.38843,100.39966659616724,1091842.0,7394158.0,10912228.0,51.06,1.810697791263216,2017-04-01
-0.3295,-0.2509,1.13,98.74443364203681,97.47129480386482,97.76465332751441,94.95210125564469,89.38481365496746,77.47836256713742,101.52462,101.70578,100.92827,100.20835,102.29194,98.62268288368085,1092862.0,7423638.0,10928508.0,48.48,1.4456648390557492,2017-05-01
-0.33,-0.2668,1.01,98.32503869062273,97.3338191344177,97.62671037991628,94.90028567774458,89.1691435652881,76.36627818861334,101.50152,101.80145,100.76601,99.96845,102.44436,97.54381355581555,1095818.0,7488142.0,10988182.0,45.18,1.2092176584805436,2017-06-01
-0.3304,-0.2726,1.18,98.23327168669783,97.36190444570062,97.74224314387742,94.88393573580356,89.15130544477054,75.93684883041819,101.56715,101.92824,100.72211,99.79089,102.64815,97.3565110121072,1096490.0,7522548.0,11008582.0,46.63,1.2562124228917781,2017-07-01
-0.3291,-0.2717,1.06,98.12830853078543,97.32159367371852,97.71582806756756,94.89807733763305,89.28659743894904,77.03286378985786,101.76675,102.06952,100.94624,100.03483,102.81683,98.53995649884415,1099793.0,7579897.0,11066852.0,48.04,1.4541090176512173,2017-08-01
-0.3294,-0.2726,1.06,98.10233300742017,97.3530336594636,97.66104204014016,94.93953717843709,89.68974275706374,77.65335758089923,101.98437,102.15373,101.26531,100.352,102.90651,99.25962964383346,1103898.0,7621867.0,11095402.0,49.82,1.5432963834989932,2017-09-01
-0.3295,-0.2739,1.08,97.38944704535263,97.3303327526898,97.56557706899639,94.86898649873642,90.14364611424038,77.56190197087233,102.03128,102.012,101.49158,100.46795,102.7272,99.27307299601415,1108594.0,7666219.0,11139576.0,51.58,1.384497597576262,2017-10-01
-0.329,-0.2743,0.95,97.35133738417983,97.12439245050231,97.42683116827534,94.99683527466432,90.32627061516858,79.5793134901568,102.33744,102.18952,101.8399,100.90188,102.98023,100.63422186849974,1109839.0,7713565.0,11176686.0,56.64,1.5674268666955316,2017-11-01
-0.3279,-0.2714,0.91,98.17908829341424,97.11691662215136,97.40501148588487,95.04242446872134,90.62122145188373,80.03935151002916,102.4516,102.26211,101.95849,100.93791,103.08883,101.37556993624392,1113162.0,7749170.0,11208278.0,57.88,1.3674447679731028,2017-12-01
-0.3285,-0.2742,1.05,98.21115590366648,96.91672295922285,97.28991668753167,95.06870042486013,90.99164362045917,80.2390519354929,102.74278,102.37608,102.36009,101.46593,103.24003,102.72690811786902,1114642.0,7809609.0,11262451.0,63.7,1.3079154700317508,2018-01-01
-0.3285,-0.2749,1.19,98.22386916863486,96.71899370774264,97.0232175014637,95.13182514095651,91.17685000681038,80.62220979152032,102.74183,102.46056,102.20177,101.31864,103.43863,102.64061933342076,1116526.0,7838207.0,11278673.0,62.23,1.1466561997395264,2018-02-01
-0.3279,-0.2713,1.07,98.18785832418058,96.86864336579947,97.1089525258092,95.14128376334449,91.21728754618293,81.2833308087701,102.88513,102.64811,102.24882,101.12851,103.70397,101.96940561710944,1115309.0,7861261.0,11290502.0,62.73,1.375836409945097,2018-03-01
-0.3285,-0.2702,0.99,98.18804015264436,96.72829197403841,97.0187909566656,95.2024759289694,91.30581857647594,82.61051883733266,102.98884,102.63602,102.47813,101.38205,103.64844,103.07222142381316,1122914.0,7911663.0,11334856.0,66.25,1.3249425877888799,2018-04-01
-0.3252,-0.27,1.08,98.3577982983858,96.93403575046216,97.22266100251443,95.33594543543403,91.67790381637107,84.91826574591758,103.43473,102.87465,102.9656,101.98511,104.04166,104.99742957678764,1127084.0,7992308.0,11419603.0,69.98,1.881425411885318,2018-05-01
-0.322,-0.2685,1.12,98.70331575464556,97.1253042909926,97.42529283390186,95.49688232416663,92.16016944126066,85.69970751423264,103.54837,102.85179,103.223,102.26809,103.97305,105.79801038470171,1133086.0,8047005.0,11497274.0,67.87,2.0165707863291082,2018-06-01
-0.3207,-0.2692,1.03,98.68995079005117,97.09087139727637,97.35620273168762,95.44738639064724,92.23051216226739,86.79150913909622,103.72542,102.99713,103.36074,102.46791,104.19995,106.84922679914304,1137251.0,8062842.0,11497988.0,70.98,2.1249685552858333,2018-07-01
-0.319,-0.2668,1.14,98.6975964752002,97.24465165411108,97.54085516888794,95.55265735169455,92.46063995692943,88.36749884231145,103.84184,103.06606,103.48748,102.60464,104.3033,107.76429766974404,1144251.0,8090796.0,11512050.0,68.06,2.039064822252845,2018-08-01
-0.3188,-0.2683,1.17,98.82453042812922,97.16770328384754,97.48857286981385,95.52174550756197,92.582515837355,89.25562479032365,104.12443,103.13259,103.96167,103.0421,104.34299,108.92844892329815,1149913.0,8151332.0,11561340.0,70.23,2.0984195911589287,2018-09-01
-0.3177,-0.264,1.3,98.53422020545275,97.17462622906999,97.50810957866159,95.70783839200853,92.76138286142402,90.02008720922512,104.35697,103.19884,104.28315,103.53413,104.46276,109.98104795972213,1155355.0,8194282.0,11618086.0,70.75,2.279389222599204,2018-10-01
-0.3164,-0.2566,1.24,98.59441450444235,97.29300191966826,97.5927546730713,95.75288194719417,92.90651483172654,88.2520479646394,104.34696,103.19752,104.27384,103.53937,104.45188,109.87533862067846,1159836.0,8247433.0,11671711.0,56.96,1.9636215250254496,2018-11-01
-0.3119,-0.2408,1.09,98.54678095316841,97.38106875469931,97.66675834140112,95.92872813537024,92.75518719209705,85.76720704739526,104.04086,103.23555,103.69015,102.60057,104.49772,106.96196573163486,1165999.0,8283767.0,11709262.0,49.52,1.5512300442355187,2018-12-01
-0.308,-0.2364,1.01,98.65527940538033,97.58762590166842,97.86419823723121,95.94137067251205,92.39777391126364,84.94375157903036,104.03287,103.30194,103.5778,102.32785,104.62105,104.91956316703333,1167962.0,8318677.0,11747575.0,51.38,1.2556502753770182,2019-01-01
-0.3084,-0.2318,0.94,98.53060697922777,97.69232505631076,97.90620968514186,96.0008814330525,92.39089079357137,86.16434888002703,104.16457,103.32315,103.76736,102.47161,104.67994,105.93280768365719,1172967.0,8374171.0,11812055.0,54.95,1.3847719083843524,2019-02-01
-0.3092,-0.2302,0.84,98.61825596379079,97.7274937066454,97.95899904395074,96.13775114417425,92.41632080808472,86.91857298645036,104.37116,103.49551,103.9367,102.7408,104.93345,106.72941389808511,1180364.0,8463891.0,11895554.0,58.15,1.4443583829849782,2019-03-01
-0.3105,-0.2308,0.77,98.91746396652006,97.85227594133649,98.14118058822571,96.1943950211303,92.32888332226403,88.41932790408582,104.65213,103.81726,104.09548,103.04134,105.36822,108.70818280816981,1181597.0,8515964.0,11969408.0,63.86,1.6150196467889177,2019-04-01
-0.3119,-0.2374,0.7,98.99699826282175,97.97799563228538,98.35903062613446,96.21787656019055,92.20981352635754,88.1773671644945,104.75422,103.75876,104.38232,103.33501,105.23786,109.52432379841129,1183400.0,8573197.0,12033491.0,60.83,1.2756740410111878,2019-05-01
-0.3289,-0.279,0.43,99.19194910503617,98.100907086035,98.40565185410713,96.28670166026886,92.01380292707061,85.4812983091189,104.81179,103.94498,104.22936,102.95925,105.56036,107.90259952907816,1186685.0,8626434.0,12079082.0,54.66,1.2201254350985957,2019-06-01
-0.3649,-0.3474,0.22,99.14681087218021,98.1814514349838,98.5436558183495,96.41260438218242,91.7732381185774,84.84104033755054,104.87483,104.01227,104.2595,102.80417,105.66481,107.49145304143205,1193250.0,8688313.0,12138190.0,57.35,1.1081275930239665,2019-07-01
-0.4077,-0.405,-0.03,99.28870078827448,98.45329842381202,98.75170400865689,96.5268789132378,91.82176900581328,83.27462956760935,104.97754,104.16544,104.25893,102.65071,105.89748,107.2394511245762,1197869.0,8771506.0,12232907.0,54.81,1.0936824694169456,2019-08-01
-0.4176,-0.3939,-0.07,99.38413131516391,98.78709752271219,99.11664591907765,96.733376424632,91.87093807148685,82.94692479147935,105.06431,104.286,104.32338,102.74318,106.01236,107.0421521460249,1204427.0,8808360.0,12268513.0,56.95,0.9026507996250377,2019-09-01
-0.4129,-0.3616,0.02,98.73183181405568,98.91619525622825,99.23810932086981,96.73493723683251,91.7709246382514,81.84292174606676,105.18348,104.39718,104.39094,102.84935,106.1965,106.13765686817332,1210525.0,8887124.0,12334635.0,53.96,0.7920026807984204,2019-10-01
-0.4013,-0.3374,0.17,99.09446990230745,99.18874911671189,99.58949237613326,96.80110776244544,91.67866755199746,82.6827392781531,105.29619,104.45553,104.57478,102.92614,106.21972,106.2860985494313,1217816.0,8939511.0,12381853.0,57.03,0.9096863003962952,2019-11-01
-0.3947,-0.3356,0.23,99.29901013558252,99.53355233901138,99.9214188917433,96.92733963719522,91.82202962642579,82.43358170521604,105.43794,104.58982,104.70978,103.03476,106.36998,107.63949382424201,1224324.0,8950015.0,12380743.0,59.88,1.342818581084404,2019-12-01
-0.3911,-0.3301,0.18,99.09911334720668,99.47640230415699,99.86330970952879,96.79322596825821,91.44928638373703,81.17408412949806,105.44603,104.42269,104.76737,102.99844,106.31628,106.99269209187754,1229276.0,8990551.0,12418229.0,57.52,1.3583783663759341,2020-01-01
-0.4089,-0.3552,-0.01,99.44239890598791,99.67872083620361,100.10084125468538,96.9677733431591,91.26080442670832,79.91112782817316,105.42654,104.55131,104.63985,102.64897,106.43163,105.5012287738488,1236396.0,9062379.0,12491659.0,50.54,1.211515585385703,2020-02-01
-0.4166,-0.3649,0.17,99.12958801536003,99.04626305615824,99.46350825606581,96.91497822093366,90.61235418959892,75.26362668950297,105.19888,104.63114,104.26012,101.92401,106.39372,101.289597457494,1263317.0,9355534.0,12790701.0,29.21,0.7930543265016965,2020-03-01
-0.2541,-0.192,0.33,99.11981487868326,98.43428349950517,98.71962811910977,97.08193286361913,89.71719576448149,71.44950174708943,104.98362,104.73429,103.70967,100.58832,106.59678,98.12312681664469,1275211.0,9532102.0,12979824.0,16.55,0.31675418359855545,2020-04-01
-0.272,-0.1431,0.25,99.03735956745864,98.10986909888538,98.28461730560274,97.08694941468573,89.3019402782392,71.49523123837028,104.82287,104.69557,103.43961,100.11119,106.57243,96.68413327656597,1291473.0,9653392.0,13141213.0,28.56,0.065534352697183,2020-05-01
-0.376,-0.2227,0.17,98.9050358392223,97.87308358384412,98.08463298936225,97.17897958638636,89.36219580800704,73.98180405105896,105.0629,104.79547,103.6955,100.47883,106.79272,98.12008802481843,1301829.0,9740707.0,13221584.0,38.31,0.23958182567056507,2020-06-01
-0.4441,-0.3461,0.03,98.73457669512399,97.76955587287898,97.93507095919864,97.28262712412945,89.53493285131077,74.71800020585205,105.21093,105.1541,104.16412,101.60011,106.54064,98.70038845392877,1311076.0,9798614.0,13292212.0,40.71,0.3204772775317055,2020-07-01
-0.4797,-0.4329,-0.01,98.58820775789715,97.76672689379426,97.87349679719854,97.63003509684555,89.7049713394559,74.69676390877547,104.7405,104.48219,103.30881,100.28867,106.5505,98.88744030529973,1322066.0,9855651.0,13327764.0,42.34,-0.22580068079325333,2020-08-01
-0.4914,-0.4626,-0.04,98.68143254003807,97.91178335478445,97.94402007966856,97.76661523174154,89.9722354854816,74.29162839772488,104.74917,104.52644,103.3234,100.25732,106.55179,98.20636245601834,1331595.0,9937663.0,13442381.0,39.63,-0.2999496213319297,2020-09-01
-0.5091,-0.494,-0.15,99.25404652395946,97.9513684943114,98.05583261697764,97.76264883144289,90.18476770519626,73.82560072034688,104.9134,104.63912,103.56453,100.48855,106.62004,97.0224047023875,1340172.0,10052144.0,13540474.0,39.4,-0.25677035975611995,2020-10-01
-0.5209,-0.509,-0.19,98.88088317085955,98.17092328324964,98.16594060443346,97.85193921291253,90.64888989154704,75.01324562699335,105.03857,104.77654,103.60159,100.43774,106.85522,97.28094991071983,1352954.0,10158109.0,13633583.0,40.94,-0.244662223770864,2020-11-01
-0.5381,-0.5186,-0.22,98.29926501342321,98.17090625469427,98.15161326859544,98.0154919638565,91.3471525077356,76.84495448630013,105.17314,104.84963,103.6516,100.71359,107.09537,100.56198542056478,1363831.0,10270201.0,13745104.0,47.02,-0.25114299463740997,2020-12-01
-0.5472,-0.5285,-0.18,98.3184959049596,98.188674006985,98.18845209478617,98.044419338366,92.29419704443195,80.45506383906007,106.21843,105.69692,105.15262,102.82832,107.48328,102.69373782312732,1378825.0,10382665.0,13835336.0,52.0,0.7325074258367037,2021-01-01
-0.5411,-0.5205,-0.06,98.51520111362653,98.37698948611978,98.41102688108153,98.32665756907582,93.34491054714167,82.62139602547404,106.25621,105.55566,105.21495,102.82802,107.48569,103.7888133418474,1388577.0,10473586.0,13923364.0,59.04,0.7869650279711315,2021-02-01
-0.5391,-0.516,0.03,98.74047779247935,98.66786280691997,98.67238166968522,98.57639472269851,94.51657629181938,84.84052430344461,106.51927,105.52977,105.58574,103.37437,107.59332,105.13442028801353,1391605.0,10563499.0,14019354.0,62.33,1.2551369368191123,2021-03-01
-0.5382,-0.5158,0.08,98.82416403539933,98.9241571929278,98.91108112071956,98.75144286354883,95.78192076726278,89.8248459946915,106.66566,105.50649,105.91032,103.65148,107.48334,108.29296169925261,1400042.0,10628067.0,14074552.0,61.72,1.6021927992195373,2021-04-01
-0.5401,-0.513,0.23,99.06658737609347,99.248634640434,99.22434860349288,99.1494569002841,97.33741997466342,92.89679137087754,106.87766,105.65758,106.16793,103.98676,107.62927,109.6866261045854,1409110.0,10702210.0,14156859.0,65.17,1.9602497050500656,2021-05-01
-0.5429,-0.515,0.16,99.42360859584532,99.64008270198933,99.65151949049147,99.45971896327082,98.84422989853515,95.22545649788657,107.17839,105.89523,106.57942,104.62964,107.77012,110.60007980896803,1418768.0,10806050.0,14232712.0,71.38,2.01354617091285,2021-06-01
-0.5448,-0.516,0.02,100.05117793426234,100.05523251316433,100.03198264553274,100.07893085269211,100.96285600458368,98.4107889589339,107.71533,106.2404,107.4362,105.76438,107.84619,112.89246156764548,1426983.0,10902782.0,14332568.0,72.49,2.3803610518412732,2021-07-01
-0.5476,-0.5274,-0.09,100.4249874328334,100.3869304243075,100.41014888975683,100.35801044372808,102.4968664472846,98.6221115948869,108.06423,106.4365,107.83683,106.11443,108.11991,114.0506598658504,1435563.0,10989804.0,14405853.0,67.73,3.1732997264668272,2021-08-01
-0.545,-0.5224,0.06,100.759451021148,100.75127714154573,100.68249359306338,100.91662732573813,103.70987363421774,104.12079834833081,108.38928,106.63463,108.08618,106.41742,108.55289,115.27225410176905,1444619.0,11076989.0,14489494.0,71.65,3.475072881245733,2021-09-01
-0.5498,-0.5272,0.22,101.4719903181662,101.27141385225829,101.15542021879106,101.60386049137846,105.36398184154707,118.51636680819115,109.25245,106.89175,109.27031,108.15312,108.95278,119.56784425481014,1452928.0,11148221.0,14568762.0,81.48,4.135839654419748,2021-10-01
-0.5674,-0.534,0.17,101.95345562476136,102.0460777331726,101.92273936778835,102.31448280545003,107.11080584055331,123.06406829398533,110.0554,107.39696,110.21638,109.36525,109.54808,123.9464699569564,1461505.0,11192288.0,14617674.0,79.15,4.776178883623405,2021-11-01
-0.582,-0.5446,0.13,102.60145592638995,102.90398813705248,102.86567484078176,102.69373856091593,108.48311757197672,129.00618807964943,110.43505,107.64518,110.72863,109.73342,109.73628,126.86275896872363,1469057.0,11289735.0,14708392.0,71.71,5.003092995036562,2021-12-01
-0.5601,-0.5273,0.4,103.21984389968456,104.24108070194163,104.1521430929601,104.02653726102098,110.99496552464038,144.68558665139201,111.62342,108.07608,112.52106,112.12413,110.08338,132.21851347366288,1483379.0,11378722.0,14821644.0,83.22,5.08856137301219,2022-01-01
-0.5315,-0.4762,0.77,103.59722782319815,105.10704388408953,104.9509188883717,104.60417263280203,112.6199205607266,149.03338888324328,112.44264,108.37001,113.85471,113.72724,110.18669,136.7392464328551,1495030.0,11466429.0,14904777.0,91.64,5.822182063523629,2022-02-01
-0.4954,-0.4177,0.89,104.4457256848561,106.92825040199847,106.93864162789288,105.34208732615743,115.30083179884926,167.90486042117954,114.48165,108.68395,117.12474,118.23401,110.51226,151.41143423097748,1520863.0,11535119.0,14979994.0,108.5,7.475060615792795,2022-03-01
-0.4479,-0.3109,1.39,105.37658452645054,109.14149144221186,109.2436477503673,106.23819294818394,119.15748968638032,174.09373117986254,114.63163,109.20314,117.03059,117.06548,111.00059,148.63930373165513,1520457.0,11575875.0,15039803.0,101.78,7.468167355829425,2022-04-01
-0.3857,-0.1436,1.69,105.93073990222504,110.31086672294002,110.48597641309378,106.95240418186818,120.8269169395795,176.5521289137901,115.52521,109.66441,118.29683,118.24359,111.37475,152.8126679233248,1525563.0,11617227.0,15086409.0,109.55,8.091073475972422,2022-05-01
-0.2392,0.1617,2.25,106.5050328582811,111.4428778219352,111.55258250249422,107.79975313632562,121.74032388105883,181.36406677428656,116.41886,109.78991,119.90468,119.88506,111.27508,157.16331121226088,1528664.0,11647587.0,15142824.0,114.84,8.621579406072444,2022-06-01
0.0366,0.4665,1.91,107.44556337619848,112.91099663912675,113.09471785925133,108.6541339260217,122.36388249937559,189.93697461583778,117.18012,110.40696,120.86284,120.6045,111.76116,157.53634022685023,1532571.0,11698076.0,15242503.0,101.62,8.78685513009152,2022-07-01
0.3947,0.837,1.85,108.03483491635681,113.79026924022727,114.02668831708371,109.29362037034764,122.5883661010945,202.79064952201952,117.87872,110.91514,121.79387,121.24883,112.1354,157.66000555760493,1536313.0,11764014.0,15359159.0,93.67,9.082089420338257,2022-08-01
1.0109,1.5961,2.61,108.53090740213335,114.79368103090552,115.12343043002903,109.77116711113908,123.05919943790838,204.99909449192316,119.16294,111.70834,123.26266,122.74318,113.16015,161.65753575689035,1537287.0,11681424.0,15422603.0,84.26,9.939783712928074,2022-09-01
1.4277,1.9974,3.0,109.09324186913503,116.00602019686076,116.37943939770328,110.4517135838553,123.33697193317835,191.04445532422716,120.86333,112.2549,125.82521,125.76635,113.6598,168.69413444729608,1539694.0,11547504.0,15357455.0,87.55,10.62756945038763,2022-10-01
1.8252,2.3212,2.83,109.26832465926434,116.43484431714556,116.78379987963498,111.06425989425819,123.12686679828359,186.71815204912494,121.14929,112.79483,125.91505,125.32588,114.21713,167.05661046216596,1540621.0,11443507.0,15317765.0,84.37,10.080277751023559,2022-11-01
2.0635,2.5603,2.85,109.28963371334655,116.7907626676666,117.11960400709914,111.52606711740853,122.68670503390386,188.84572619458837,120.63319,113.27045,124.75642,122.94642,114.5939,159.4031678464495,1538893.0,11296984.0,15229154.0,76.44,9.234513861314863,2022-12-01
2.3449,2.8579,2.93,110.00738927674816,118.03687616500687,118.451854754421,112.4478191937331,122.68996430024552,172.12270019863197,121.3719,113.88731,125.6618,123.74164,115.12708,157.1809295569619,1540631.0,11264983.0,15266625.0,78.12,8.73336437819232,2023-01-01
2.6403,3.1354,3.08,110.26311870694686,118.56459215588299,119.1302611711152,112.68478306645537,122.17186412149407,171.60815597807354,122.04409,114.46135,126.41805,123.82828,115.69281,155.3079666582496,1539465.0,11144466.0,15223160.0,76.83,8.538975961432428,2023-02-01
2.9106,3.2674,3.11,110.74069558353528,118.9755406274479,119.50333949146929,113.08604848199529,121.29406191341876,166.8425468353783,122.38207,114.8736,126.64296,123.32119,116.16239,149.92260547264462,1544427.0,11014046.0,15188493.0,73.28,6.901036104912883,2023-03-01
3.167,3.498,3.08,110.78701407097385,118.71133737331493,119.23274664942771,113.26162476382831,119.62276256470552,160.378299889828,122.64112,115.38588,126.53784,123.19862,116.85306,151.86566099745045,1536935.0,10912853.0,15139424.0,79.45,6.987155290385383,2023-04-01
3.3664,3.679,3.09,111.24637918178726,119.1424070936816,119.61626106758511,113.9197635863889,118.55924238150216,154.83525360011726,122.58253,115.53498,126.32893,122.64816,116.97415,150.09437304411128,1537568.0,10824092.0,15119329.0,71.58,6.108900386331273,2023-05-01
3.5359,3.8253,3.06,111.50199348659254,119.38615101620205,119.7868165875478,114.05740037838096,117.90718346771335,152.6375121524899,122.83597,115.82226,126.49261,122.57172,117.33222,148.5842568225005,1535472.0,10711305.0,15091218.0,70.25,5.512087989866932,2023-06-01
3.6718,3.9425,3.15,111.4386259894778,119.27269066224278,119.76753277253894,114.14433210848784,116.78418730924747,148.09105989983053,123.20549,116.20748,126.75962,122.68091,117.82045,148.10721065664185,1534449.0,10617393.0,15051708.0,76.07,5.141972887551227,2023-07-01
3.7803,3.9445,3.22,111.8169657921411,119.6636355442924,120.11299132705383,114.40271756196118,116.70726342276173,148.4322078962352,123.87342,116.51681,127.75902,124.03057,118.08709,152.4826733357816,1534079.0,10532796.0,15026212.0,81.39,5.085481077500664,2023-08-01
3.88,4.0303,3.37,112.1383494385801,119.77161744303343,120.29737461648041,114.46283636129077,116.73617665051508,150.3635094660885,124.25791,116.68979,128.18237,124.47165,118.4217,154.1672476923703,1534881.0,10510793.0,15072362.0,89.43,4.275633011404367,2023-09-01
3.9676,4.1148,3.59,112.28091439246792,119.72665022670515,120.19101926588652,114.60177936157604,116.55658447885976,149.46729553005036,124.29924,116.89922,127.94801,124.04383,118.79121,149.62748408112412,1535014.0,10405829.0,15032213.0,85.64,2.8428060024492163,2023-10-01
3.9716,4.0647,3.3,112.33165616570491,119.82085251041944,120.2430245960379,114.5418657677122,116.33293449678648,146.8467799301252,124.1268,116.90712,127.57236,123.24204,118.86255,147.7426581588524,1533892.0,10366961.0,15047105.0,77.69,2.4577197274536333,2023-11-01
3.9331,3.9243,2.77,112.71575320857175,120.1730650851417,120.47163874163518,114.97085111598979,116.5280908954139,142.44770132190925,124.17663,117.17219,127.40794,122.89437,119.16726,148.92968355775517,1536181.0,10345628.0,15100189.0,71.9,2.9373674027852514,2023-12-01
3.9253,3.8917,2.83,112.7599095073599,120.00550061917797,120.31936036064047,114.67533558505384,115.91551598306694,139.03364067491407,124.70866,117.5514,127.92543,123.38175,119.71044,147.82466661888913,1533009.0,10284002.0,15078095.0,74.15,2.7492030692441993,2024-01-01
3.9232,3.9005,2.95,113.12527076385928,120.4035037493755,120.68108666419084,114.98487828656368,115.84398128105147,136.27871231973322,125.15538,117.93969,128.25292,123.91824,120.28943,149.72329962055395,1532820.0,10266654.0,15105825.0,77.25,2.5493163986883838,2024-02-01
3.9224,3.8932,2.9,113.14453921433208,120.59689938713062,120.85113749057652,115.26004436995315,115.90440239984287,135.18871511621163,125.35662,118.25829,128.1508,123.78545,120.83701,148.11160926316225,1526245.0,10266267.0,15133823.0,81.28,2.4305439514137994,2024-03-01
3.8864,3.8393,3.02,113.52881546909263,120.93729600481502,121.18738142541459,115.53809482902464,115.84895170890309,138.70941013611935,125.53915,118.42633,128.25273,123.87294,121.11019,151.43122451431515,1531257.0,10262375.0,15151381.0,85.35,2.3630165804095826,2024-04-01
3.8137,3.7879,3.07,112.64735497253125,120.16351691213691,120.33021215948229,114.58999958005631,114.79843035284789,137.1672003372516,125.72328,118.8212,128.03977,123.44117,121.74849,151.28104884181218,1530019.0,10263143.0,15197011.0,80.02,2.5621513930247586,2024-05-01
3.7245,3.7149,3.11,112.99362484740632,120.62050816500144,120.91883464101686,114.9212691780589,115.17019050563782,138.09881676199507,125.9182,119.11088,128.06363,123.2723,122.13785,148.27852915236656,1533920.0,10330258.0,15288943.0,79.77,2.5092242931773034,2024-06-01
3.6848,3.6436,3.06,113.03347748557664,120.92712249449238,121.0250438498566,114.93025457242624,115.60457516886298,137.67952562146405,126.31846,119.41942,128.47934,123.70592,122.51618,149.50450897456773,1536497.0,10286002.0,15248901.0,81.8,2.5266487719013186,2024-07-01
3.5476,3.4249,2.85,113.19269058794669,121.32761681673477,121.38284438140197,115.20285900436184,115.82676477709845,135.10228279118752,126.45622,119.68957,128.35484,123.31988,122.95373,147.45011514135857,1538752.0,10333211.0,15315506.0,76.68,2.0850316395559343,2024-08-01
3.4337,3.2578,2.78,113.32396019743081,121.74557057791648,121.76197669326207,115.75626988286932,115.92049462301155,130.59277403265725,126.40008,119.77875,128.14788,122.77778,123.07142,144.3146365053691,1541714.0,10384239.0,15399769.0,70.24,1.7239707315212405,2024-09-01
3.1666,3.0016,2.81,113.66129014909274,122.08085004499424,122.14120936520429,115.97418507928488,116.01395179403238,132.01298533737793,126.79074,120.052,128.51536,122.94159,123.48461,142.28762882831785,1545565.0,10438347.0,15421845.0,71.99,2.0044370343696327,2024-10-01
3.0068,2.7875,2.88,113.23387934195827,121.55300673009731,121.7552575604434,115.3185248872065,115.38319384473316,137.23163366818292,126.94303,120.12826,128.74124,123.18162,123.55079,144.49886054197705,1550902.0,10547679.0,15541441.0,69.95,2.2688331609289847,2024-11-01
2.8161,2.6303,2.74,113.6726061443759,121.892599672098,122.17534348450468,115.5197772502003,115.73265814995091,138.06192313040697,127.22182,120.37357,128.93193,123.41107,123.92784,147.83010604479404,1556875.0,10578451.0,15575611.0,70.12,2.452305236500618,2024-12-01
2.7031,2.6121,3.04,113.88737777424824,121.71573987798469,121.82836796593546,115.43362122715165,115.56425504647201,142.2732400642647,127.80243,120.63784,129.68558,124.45305,124.30434,149.30310989700132,1555824.0,10596763.0,15580699.0,75.74,2.480798045620891,2025-01-01
2.5249,2.4596,2.94,113.95000525841324,121.87272504729332,121.8530350096913,115.72575479023568,115.8422586830761,144.68744800438446,128.02914,120.89997,129.79347,124.42876,124.66464,148.51620846165125,1559517.0,10658186.0,15624281.0,71.53,2.2961537889941486,2025-02-01
2.4424,2.3854,3.24,113.90987001841074,121.87694007519089,121.74366122628557,115.98872363400719,115.62342788580618,138.3790890219305,128.07113,121.10775,129.5884,123.9641,124.98893,145.77099576618622,1564314.0,10684264.0,15658327.0,68.24,2.165430114500544,2025-03-01
2.2482,2.201,3.06,113.81462683165478,121.94926195193536,121.71624633988918,116.16372838975818,115.17401377173631,135.59694200136158,128.23272,121.64891,129.11561,123.15996,125.8748,144.80437367473743,1559558.0,10755934.0,15696916.0,63.54,2.1456015912167503,2025-04-01
