cutoff,target_time,horizon_step,prediction,h_step_sd,y_true,num_factors,num_lags
2010-08-31,2010-09-30,1,1.5464613389194506,0.23261354714925583,1.764018510864207,1,1
2010-08-31,2010-10-31,2,1.5247886624109317,0.34122356822606975,1.9248406949512464,1,1
2010-08-31,2010-11-30,3,1.5111029917274057,0.4260921240255182,1.9058280123447344,1,1
2010-08-31,2011-02-28,6,1.4904040991496217,0.6169926634000573,2.609852934503376,1,1
2010-08-31,2011-08-31,12,1.4711689818028537,0.8834436846589047,2.753747291211628,1,1
2010-09-30,2010-10-31,1,1.7935339494847544,0.23223548242574013,1.9248406949512464,1,1
2010-09-30,2010-11-30,2,1.8061494461818923,0.3405811691361544,1.9058280123447344,1,1
2010-09-30,2010-12-31,3,1.8129165685148216,0.4252523322024049,2.2023205218023145,1,1
2010-09-30,2011-03-31,6,1.8186231147006633,0.6157279110869917,2.63127617196548,1,1
2010-09-30,2011-09-30,12,1.8141484635699918,0.8816022918683175,2.8731837256162684,1,1
2010-10-31,2010-11-30,1,1.9797493439580742,0.2314998859326606,1.9058280123447344,1,1
2010-10-31,2010-12-31,2,2.0099296318618336,0.33959489145415866,2.2023205218023145,1,1
2010-10-31,2011-01-31,3,2.0278209580724527,0.4240820965956727,2.4208800334111658,1,1
2010-10-31,2011-04-30,6,2.049005302023766,0.6141506828783128,2.6506902297918744,1,1
2010-10-31,2011-10-31,12,2.0557341120199046,0.8794366672168048,2.954160481596535,1,1
2010-11-30,2010-12-31,1,1.9890100408278353,0.23024594743510327,2.2023205218023145,1,1
2010-11-30,2011-01-31,2,2.044299232131607,0.33767430725632297,2.4208800334111658,1,1
2010-11-30,2011-02-28,3,2.077958888886765,0.42174431769709375,2.609852934503376,1,1
2010-11-30,2011-05-31,6,2.118093707516527,0.6110439804867481,2.6513738871934533,1,1
2010-11-30,2011-11-30,12,2.1293110769687824,0.875274229468609,2.9713191578955023,1,1
2010-12-31,2011-01-31,1,2.40134819664389,0.23067782280602592,2.4208800334111658,1,1
2010-12-31,2011-02-28,2,2.524065989671099,0.3386436584607586,2.609852934503376,1,1
2010-12-31,2011-03-31,3,2.599564035984565,0.4232086407770304,2.63127617196548,1,1
2010-12-31,2011-06-30,6,2.6946278056644095,0.6136692228671742,2.593861143013876,1,1
2010-12-31,2011-12-31,12,2.7339459281434015,0.8794370774726842,2.727659597539533,1,1
2011-01-31,2011-02-28,1,2.6270488845009665,0.2273269057078593,2.609852934503376,1,1
2011-01-31,2011-03-31,2,2.7642750975001404,0.3341132182907889,2.63127617196548,1,1
2011-01-31,2011-04-30,3,2.854638193789764,0.41831330050178944,2.6506902297918744,1,1
2011-01-31,2011-07-31,6,2.9825665844410603,0.6088891161109822,2.684959573070178,1,1
2011-01-31,2012-01-31,12,3.048268069066162,0.8748648837705679,2.6688553923178704,1,1
2011-02-28,2011-03-31,1,2.6983900149071784,0.2263011551359644,2.63127617196548,1,1
2011-02-28,2011-04-30,2,2.756415765402389,0.3323293838901908,2.6506902297918744,1,1
2011-02-28,2011-05-31,3,2.7958636366504894,0.4158761903187176,2.6513738871934533,1,1
2011-02-28,2011-08-31,6,2.858078153084127,0.6049197445718868,2.753747291211628,1,1
2011-02-28,2012-02-29,12,2.9085985298643333,0.8688060345793127,2.7444374609818745,1,1
2011-03-31,2011-04-30,1,2.757101510777773,0.22549816181259735,2.6506902297918744,1,1
2011-03-31,2011-05-31,2,2.84406265196707,0.33110459232046363,2.6513738871934533,1,1
2011-03-31,2011-06-30,3,2.902744564532554,0.41438339330053453,2.593861143013876,1,1
2011-03-31,2011-09-30,6,2.9916740908840542,0.6029618081067345,2.8731837256162684,1,1
2011-03-31,2012-03-31,12,3.0525982515053443,0.8662448404227399,2.7032415973407664,1,1
2011-04-30,2011-05-31,1,2.771568833578817,0.22426460495246728,2.6513738871934533,1,1
2011-04-30,2011-06-30,2,2.856949345981641,0.32928997750297495,2.593861143013876,1,1
2011-04-30,2011-07-31,3,2.9154440791947094,0.4122155834868496,2.684959573070178,1,1
2011-04-30,2011-10-31,6,3.0061269878226478,0.6002478708929231,2.954160481596535,1,1
2011-04-30,2012-04-30,12,3.069604043284855,0.8628547709767167,2.6009696811680083,1,1
2011-05-31,2011-06-30,1,2.6507844930862583,0.22329558457593557,2.593861143013876,1,1
2011-05-31,2011-07-31,2,2.6524117476345377,0.32766572708513425,2.684959573070178,1,1
2011-05-31,2011-08-31,3,2.655582912230815,0.4099893978076909,2.753747291211628,1,1
2011-05-31,2011-11-30,6,2.6698931591909254,0.596520056640494,2.9713191578955023,1,1
2011-05-31,2012-05-31,12,2.7050609136038175,0.8570330064176386,2.433443351247244,1,1
2011-06-30,2011-07-31,1,2.531832167928101,0.22280275635036512,2.684959573070178,1,1
2011-06-30,2011-08-31,2,2.4926016862702687,0.3269794896212061,2.753747291211628,1,1
2011-06-30,2011-09-30,3,2.4690348591314573,0.40910177919712637,2.8731837256162684,1,1
2011-06-30,2011-12-31,6,2.4465376962414442,0.5950633288600643,2.727659597539533,1,1
2011-06-30,2012-06-30,12,2.4663435643996383,0.8547406418486768,2.405633434117349,1,1
2011-07-31,2011-08-31,1,2.7368524460544026,0.2223424495292136,2.753747291211628,1,1
2011-07-31,2011-09-30,2,2.7722012109634635,0.3262370761527892,2.8731837256162684,1,1
2011-07-31,2011-10-31,3,2.797191816844083,0.4080573101140907,2.954160481596535,1,1
2011-07-31,2012-01-31,6,2.8408307727023603,0.5931880322005906,2.6688553923178704,1,1
2011-07-31,2012-07-31,12,2.886856867904808,0.8516836175001422,2.375417033291738,1,1
2011-08-31,2011-09-30,1,2.7205273008447706,0.221949284107763,2.8731837256162684,1,1
2011-08-31,2011-10-31,2,2.6988300389063182,0.325566116384626,2.954160481596535,1,1
2011-08-31,2011-11-30,3,2.6872560428264842,0.4071118647263322,2.9713191578955023,1,1
2011-08-31,2012-02-29,6,2.6834347257523836,0.5915359740298863,2.7444374609818745,1,1
2011-08-31,2012-08-31,12,2.715994541632213,0.8490487892197308,2.5657184189926907,1,1
2011-09-30,2011-10-31,1,2.9323778493177115,0.22150410428696704,2.954160481596535,1,1
2011-09-30,2011-11-30,2,2.9719684867281906,0.3249127935543469,2.9713191578955023,1,1
2011-09-30,2011-12-31,3,2.999850899254931,0.40621628072125787,2.727659597539533,1,1
2011-09-30,2012-03-31,6,3.048932780460504,0.5899417217967293,2.7032415973407664,1,1
2011-09-30,2012-09-30,12,3.103169282562541,0.8464490260347011,2.616505079170328,1,1
2011-10-31,2011-11-30,1,3.035973114833964,0.22093653653749193,2.9713191578955023,1,1
2011-10-31,2011-12-31,2,3.091839864557009,0.32410991761991687,2.727659597539533,1,1
2011-10-31,2012-01-31,3,3.130236150493201,0.4052085217016343,2.6688553923178704,1,1
2011-10-31,2012-04-30,6,3.1936753892992304,0.5884247677310446,2.6009696811680083,1,1
2011-10-31,2012-10-31,12,3.2552396943753594,0.8442050991568558,2.5106405815373822,1,1
2011-11-30,2011-12-31,1,3.0434320102326464,0.22045589921387745,2.727659597539533,1,1
2011-11-30,2012-01-31,2,3.0944080273262995,0.32339777625749905,2.6688553923178704,1,1
2011-11-30,2012-02-29,3,3.129657724637834,0.4042682567910931,2.7444374609818745,1,1
2011-11-30,2012-05-31,6,3.1888595650093654,0.5868892274014978,2.433443351247244,1,1
2011-11-30,2012-11-30,12,3.249218660792548,0.8418286894774422,2.213224948968251,1,1
2011-12-31,2012-01-31,1,2.711256333442132,0.2209703578575031,2.6688553923178704,1,1
2011-12-31,2012-02-29,2,2.7104268634007047,0.3240513575668037,2.7444374609818745,1,1
2011-12-31,2012-03-31,3,2.7126722892068553,0.4049348597736243,2.7032415973407664,1,1
2011-12-31,2012-06-30,6,2.7266259641330057,0.5874516738554302,2.405633434117349,1,1
2011-12-31,2012-12-31,12,2.763222885723037,0.8422582648869955,2.215083701177223,1,1
2012-01-31,2012-02-29,1,2.759437381853061,0.22126287302185862,2.7444374609818745,1,1
2012-01-31,2012-03-31,2,2.8270260853564593,0.32447343186282973,2.7032415973407664,1,1
2012-01-31,2012-04-30,3,2.8720320987024968,0.40541999938894396,2.6009696811680083,1,1
2012-01-31,2012-07-31,6,2.9388881400870055,0.5880636954645926,2.375417033291738,1,1
2012-01-31,2013-01-31,12,2.988940132389163,0.8430674742246894,1.9952990939618556,1,1
2012-02-29,2012-03-31,1,2.803395961933997,0.2205071745337008,2.7032415973407664,1,1
2012-02-29,2012-04-30,2,2.8431158819700717,0.32336987859366356,2.6009696811680083,1,1
2012-02-29,2012-05-31,3,2.8702424109422493,0.4040030660831327,2.433443351247244,1,1
2012-02-29,2012-08-31,6,2.915229958937781,0.5858685574275152,2.5657184189926907,1,1
2012-02-29,2013-02-28,12,2.961199687143368,0.8397768756328395,1.8371318386398272,1,1
2012-03-31,2012-04-30,1,2.741852258417679,0.21953600899573783,2.6009696811680083,1,1
2012-03-31,2012-05-31,2,2.7727753902176,0.32197388074606464,2.433443351247244,1,1
2012-03-31,2012-06-30,3,2.7947394019952814,0.4023506291416111,2.405633434117349,1,1
2012-03-31,2012-09-30,6,2.8330767360521496,0.5837735581580784,2.616505079170328,1,1
2012-03-31,2013-03-31,12,2.8754940278381835,0.8370766584030144,1.6562352421727544,1,1
2012-04-30,2012-05-31,1,2.6094969138291892,0.2191053304549115,2.433443351247244,1,1
2012-04-30,2012-06-30,2,2.622244821630136,0.32136347426783307,2.405633434117349,1,1
2012-04-30,2012-07-31,3,2.632592534599119,0.4015568067245246,2.375417033291738,1,1
2012-04-30,2012-10-31,6,2.654789607288494,0.5824978613906336,2.5106405815373822,1,1
2012-04-30,2013-04-30,12,2.6881368837847077,0.8351190147973157,1.3008445960438486,1,1
2012-05-31,2012-06-30,1,2.348312051017685,0.2186504095213295,2.405633434117349,1,1
2012-05-31,2012-07-31,2,2.298148360052469,0.320736640033496,2.375417033291738,1,1
2012-05-31,2012-08-31,3,2.268503225305352,0.40078401305021094,2.5657184189926907,1,1
2012-05-31,2012-11-30,6,2.2383127391656616,0.5813617622314996,2.213224948968251,1,1
2012-05-31,2013-05-31,12,2.2494462655631935,0.8334596121672874,1.4426323570022603,1,1
2012-06-30,2012-07-31,1,2.3021409403436173,0.21863315736178496,2.375417033291738,1,1
2012-06-30,2012-08-31,2,2.232499957107319,0.32074512263918437,2.5657184189926907,1,1
2012-06-30,2012-09-30,3,2.190237424512935,0.40077480539415705,2.616505079170328,1,1
2012-06-30,2012-12-31,6,2.144283085672608,0.5812378994987926,2.215083701177223,1,1
2012-06-30,2013-06-30,12,2.1498494272020223,0.833158735483925,1.5971179973222505,1,1
2012-07-31,2012-08-31,1,2.383439930082374,0.21837814064466912,2.5657184189926907,1,1
2012-07-31,2012-09-30,2,2.3917342926147422,0.3201502408459534,2.616505079170328,1,1
2012-07-31,2012-10-31,3,2.398299879303072,0.399736489307042,2.5106405815373822,1,1
2012-07-31,2013-01-31,6,2.4124545181769195,0.5789455566688694,1.9952990939618556,1,1
2012-07-31,2013-07-31,12,2.434346657923685,0.8291499695521706,1.5495402684960968,1,1
2012-08-31,2012-09-30,1,2.6951614169688205,0.21974317742707883,2.616505079170328,1,1
2012-08-31,2012-10-31,2,2.7746419797726785,0.3221352360654757,2.5106405815373822,1,1
2012-08-31,2012-11-30,3,2.823459008119212,0.40200710195960926,2.213224948968251,1,1
2012-08-31,2013-02-28,6,2.887906912292566,0.5815552168675931,1.8371318386398272,1,1
2012-08-31,2013-08-31,12,2.9290439921009472,0.8322384788836935,1.2681318220913784,1,1
2012-09-30,2012-10-31,1,2.6573678496872346,0.21846376194794795,2.5106405815373822,1,1
2012-09-30,2012-11-30,2,2.6843555821538008,0.3202068100290057,2.213224948968251,1,1
2012-09-30,2012-12-31,3,2.7024421887032104,0.399584197656486,2.215083701177223,1,1
2012-09-30,2013-03-31,6,2.7326632845260437,0.578048977368273,1.6562352421727544,1,1
2012-09-30,2013-09-30,12,2.767215678963804,0.8272319459169828,1.0646121693895338,1,1
2012-10-31,2012-11-30,1,2.492247672082003,0.21840644760388467,2.213224948968251,1,1
2012-10-31,2012-12-31,2,2.4872361374902345,0.32002001128054586,2.215083701177223,1,1
2012-10-31,2013-01-31,3,2.4865072721089683,0.3992114915186613,1.9952990939618556,1,1
2012-10-31,2013-04-30,6,2.4939834479555785,0.5771550955129804,1.3008445960438486,1,1
2012-10-31,2013-10-31,12,2.5188554885541152,0.8256423913282979,0.7358612518268526,1,1
2012-11-30,2012-12-31,1,2.096660607013174,0.21919681382732847,2.215083701177223,1,1
2012-11-30,2013-01-31,2,2.035970215109251,0.3213001554340069,1.9952990939618556,1,1
2012-11-30,2013-02-28,3,2.002561265809544,0.40080637755905385,1.8371318386398272,1,1
2012-11-30,2013-05-31,6,1.9703194708102256,0.5793457818711671,1.4426323570022603,1,1
2012-11-30,2013-11-30,12,1.974943434977556,0.8286463622223399,0.8245782256382617,1,1
2012-12-31,2013-01-31,1,2.1678048704437285,0.21862918145402088,1.9952990939618556,1,1
2012-12-31,2013-02-28,2,2.136817121805985,0.3203716618873639,1.8371318386398272,1,1
2012-12-31,2013-03-31,3,2.1195156892505245,0.3995858126830141,1.6562352421727544,1,1
2012-12-31,2013-06-30,6,2.1047869996225987,0.5774660188839816,1.5971179973222505,1,1
2012-12-31,2013-12-31,12,2.1133904789959654,0.825868518170464,0.9204412099854008,1,1
2013-01-31,2013-02-28,1,1.9780925672532645,0.21860047414283273,1.8371318386398272,1,1
2013-01-31,2013-03-31,2,1.9781704219379208,0.32015335549697965,1.6562352421727544,1,1
2013-01-31,2013-04-30,3,1.9793718646360141,0.3992424398162032,1.3008445960438486,1,1
2013-01-31,2013-07-31,6,1.9821731213743554,0.5768947768497453,1.5495402684960968,1,1
2013-01-31,2014-01-31,12,1.9865158056069163,0.8250138271525063,0.7754940917477526,1,1
2013-02-28,2013-03-31,1,1.8173813430378274,0.21818746985773532,1.6562352421727544,1,1
2013-02-28,2013-04-30,2,1.8128629212025689,0.3196367024643816,1.3008445960438486,1,1
2013-02-28,2013-05-31,3,1.8107813986510348,0.39862965963231295,1.4426323570022603,1,1
2013-02-28,2013-08-31,6,1.8078752631869943,0.5760458012511976,1.2681318220913784,1,1
2013-02-28,2014-02-28,12,1.8050932594934903,0.8238220425641201,0.7071170161096374,1,1
2013-03-31,2013-04-30,1,1.5655316221738238,0.21743308208881534,1.3008445960438486,1,1
2013-03-31,2013-05-31,2,1.5137548802674576,0.318607937800627,1.4426323570022603,1,1
2013-03-31,2013-06-30,3,1.4832331002216799,0.3974252889819786,1.5971179973222505,1,1
2013-03-31,2013-09-30,6,1.4463553048521682,0.5744821840974151,1.0646121693895338,1,1
2013-03-31,2014-03-31,12,1.4291401256853449,0.8217323723664836,0.5383897583259634,1,1
2013-04-30,2013-05-31,1,1.144205062749092,0.21844057357433733,1.4426323570022603,1,1
2013-04-30,2013-06-30,2,1.0572768600844125,0.3203455194354895,1.5971179973222505,1,1
2013-04-30,2013-07-31,3,1.0059832234840387,0.39972147266219077,1.5495402684960968,1,1
2013-04-30,2013-10-31,6,0.94200474262647,0.5779708427814453,0.7358612518268526,1,1
2013-04-30,2014-04-30,12,0.9059342808866326,0.8268259261012598,0.6594523656700435,1,1
2013-05-31,2013-06-30,1,1.3877023247610334,0.21854655398126446,1.5971179973222505,1,1
2013-05-31,2013-07-31,2,1.3423761929219316,0.3201968791926448,1.5495402684960968,1,1
2013-05-31,2013-08-31,3,1.31376567067698,0.399390233334464,1.2681318220913784,1,1
2013-05-31,2013-11-30,6,1.2761240338203796,0.5772952348025154,0.8245782256382617,1,1
2013-05-31,2014-05-31,12,1.2512076550250517,0.8257349417462744,0.5314404435762254,1,1
2013-06-30,2013-07-31,1,1.6056369611537729,0.21851767830431001,1.5495402684960968,1,1
2013-06-30,2013-08-31,2,1.601376206451285,0.3201661560376021,1.2681318220913784,1,1
2013-06-30,2013-09-30,3,1.5972141019830657,0.3992730310987658,1.0646121693895338,1,1
2013-06-30,2013-12-31,6,1.5886733105704567,0.5768886257930866,0.9204412099854008,1,1
2013-06-30,2014-06-30,12,1.5761039352024713,0.8249416040429112,0.4726218495818557,1,1
2013-07-31,2013-08-31,1,1.5515745033517807,0.21796368276922837,1.2681318220913784,1,1
2013-07-31,2013-09-30,2,1.5547963376632115,0.31928078989530156,1.0646121693895338,1,1
2013-07-31,2013-10-31,3,1.555958033011452,0.39812335918332875,0.7358612518268526,1,1
2013-07-31,2014-01-31,6,1.5528713065095479,0.5751429086966922,0.7754940917477526,1,1
2013-07-31,2014-07-31,12,1.5398995995582185,0.8223794012002928,0.3214051875798152,1,1
2013-08-31,2013-09-30,1,1.2131670481884727,0.21813755319250408,1.0646121693895338,1,1
2013-08-31,2013-10-31,2,1.1911493101001298,0.3195413981878437,0.7358612518268526,1,1
2013-08-31,2013-11-30,3,1.1779288153984733,0.3984586077662412,0.8245782256382617,1,1
2013-08-31,2014-02-28,6,1.1558395750937218,0.5756632619392256,0.7071170161096374,1,1
2013-08-31,2014-08-31,12,1.1287785329431328,0.8231586028044483,0.2919450167707893,1,1
2013-09-30,2013-10-31,1,1.0154927764290773,0.21768744640686902,0.7358612518268526,1,1
2013-09-30,2013-11-30,2,0.9928542937951592,0.3189954150616252,0.8245782256382617,1,1
2013-09-30,2013-12-31,3,0.978416644830026,0.3978362296991802,0.9204412099854008,1,1
2013-09-30,2014-03-31,6,0.9524219293604107,0.5748628504767507,0.5383897583259634,1,1
2013-09-30,2014-09-30,12,0.9174832842927529,0.8220886633430201,0.3289164401325317,1,1
2013-10-31,2013-11-30,1,0.5820319586441101,0.21850800113497731,0.8245782256382617,1,1
2013-10-31,2013-12-31,2,0.4954007193004508,0.32039265792328264,0.9204412099854008,1,1
2013-10-31,2014-01-31,3,0.44325683650450026,0.3996517592960636,0.7754940917477526,1,1
2013-10-31,2014-04-30,6,0.37248646839525673,0.5775410997736886,0.6594523656700435,1,1
2013-10-31,2014-10-31,12,0.3164733729938881,0.8259312305524023,0.391921210055357,1,1
2013-11-30,2013-12-31,1,0.7696081028634345,0.21813713539184404,0.9204412099854008,1,1
2013-11-30,2014-01-31,2,0.7238001958432582,0.3196285790085819,0.7754940917477526,1,1
2013-11-30,2014-02-28,3,0.6933853016859269,0.3985850954955073,0.7071170161096374,1,1
2013-11-30,2014-05-31,6,0.6468145231178911,0.5758332799294801,0.5314404435762254,1,1
2013-11-30,2014-11-30,12,0.5994174772157458,0.8233768494308168,0.3128755594727472,1,1
2013-12-31,2014-01-31,1,0.9469948242303462,0.21798433851746474,0.7754940917477526,1,1
2013-12-31,2014-02-28,2,0.9563415566638587,0.3192706419109708,0.7071170161096374,1,1
2013-12-31,2014-03-31,3,0.9585242457679052,0.3979731358229706,0.5383897583259634,1,1
2013-12-31,2014-06-30,6,0.9485435400663189,0.5745557747493222,0.4726218495818557,1,1
2013-12-31,2014-12-31,12,0.9126807004867178,0.8212202104609295,-0.1645561848566901,1,1
2014-01-31,2014-02-28,1,0.7079524787994349,0.21768151566288443,0.7071170161096374,1,1
2014-01-31,2014-03-31,2,0.6688789028841085,0.3188063986903869,0.5383897583259634,1,1
2014-01-31,2014-04-30,3,0.6440381439666878,0.39736409172101955,0.6594523656700435,1,1
2014-01-31,2014-07-31,6,0.6039788703716098,0.5736004834992712,0.3214051875798152,1,1
2014-01-31,2015-01-31,12,0.5570728567513442,0.8197901016176389,-0.3979690587676776,1,1
2014-02-28,2014-03-31,1,0.6340151908652027,0.21648863532160595,0.5383897583259634,1,1
2014-02-28,2014-04-30,2,0.5857755514552817,0.3171211138917229,0.6594523656700435,1,1
2014-02-28,2014-05-31,3,0.5547357873823329,0.395367362009193,0.5314404435762254,1,1
2014-02-28,2014-08-31,6,0.5067729659088447,0.570982940779009,0.2919450167707893,1,1
2014-02-28,2015-02-28,12,0.4559096132525314,0.8162756667666138,-0.1060124185976119,1,1
2014-03-31,2014-04-30,1,0.42306625309579493,0.2161658417586357,0.6594523656700435,1,1
2014-03-31,2014-05-31,2,0.3520233004016102,0.31676443736964055,0.5314404435762254,1,1
2014-03-31,2014-06-30,3,0.3077340621915525,0.3949990012436634,0.4726218495818557,1,1
2014-03-31,2014-09-30,6,0.24354379932354658,0.5705872634660785,0.3289164401325317,1,1
2014-03-31,2015-03-31,12,0.18367107529837956,0.81581225078972,0.1171602378150504,1,1
2014-04-30,2014-05-31,1,0.6303018534606135,0.21612924527071295,0.5314404435762254,1,1
2014-04-30,2014-06-30,2,0.5994333584400103,0.3165987664679174,0.4726218495818557,1,1
2014-04-30,2014-07-31,3,0.5773029017961646,0.3946974297441702,0.3214051875798152,1,1
2014-04-30,2014-10-31,6,0.5383371033398514,0.5699607600505153,0.391921210055357,1,1
2014-04-30,2015-04-30,12,0.48834367031646375,0.8147666483710365,0.184184217071337,1,1
2014-05-31,2014-06-30,1,0.4683750858342011,0.21561143943660005,0.4726218495818557,1,1
2014-05-31,2014-07-31,2,0.4304306367843008,0.3158546889789339,0.3214051875798152,1,1
2014-05-31,2014-08-31,3,0.40539642102450685,0.3937921005383168,0.2919450167707893,1,1
2014-05-31,2014-11-30,6,0.36218728098880815,0.5687051980344703,0.3128755594727472,1,1
2014-05-31,2015-05-31,12,0.30725015342123896,0.8130142281970234,0.4639870888456965,1,1
2014-06-30,2014-07-31,1,0.4390544620787901,0.21504275123372604,0.3214051875798152,1,1
2014-06-30,2014-08-31,2,0.4166347045791015,0.315005222297971,0.2919450167707893,1,1
2014-06-30,2014-09-30,3,0.40016186463655057,0.39270989330534267,0.3289164401325317,1,1
2014-06-30,2014-12-31,6,0.36552148035370324,0.5670846946519233,-0.1645561848566901,1,1
2014-06-30,2015-06-30,12,0.3107730220812441,0.8106484484198345,0.4247311084759841,1,1
2014-07-31,2014-08-31,1,0.23551160115016367,0.2145423306381755,0.2919450167707893,1,1
2014-07-31,2014-09-30,2,0.18308957882293905,0.3143408119483498,0.3289164401325317,1,1
2014-07-31,2014-10-31,3,0.14922751482134933,0.39193183902327694,0.391921210055357,1,1
2014-07-31,2015-01-31,6,0.09426669451958816,0.566057286282666,-0.3979690587676776,1,1
2014-07-31,2015-07-31,12,0.030430950988079963,0.8092541191513016,0.3228594809047802,1,1
2014-08-31,2014-09-30,1,0.2279722976255308,0.21397973552863966,0.3289164401325317,1,1
2014-08-31,2014-10-31,2,0.1825099182242341,0.3135064592007352,0.391921210055357,1,1
2014-08-31,2014-11-30,3,0.15190805943294114,0.3908892197794493,0.3128755594727472,1,1
2014-08-31,2015-02-28,6,0.10002961142692873,0.564553098261142,-0.1060124185976119,1,1
2014-08-31,2015-08-31,12,0.03619282120302403,0.8071070330250549,0.2164415258942398,1,1
2014-09-30,2014-10-31,1,0.2989919264836293,0.21344263959818824,0.391921210055357,1,1
2014-09-30,2014-11-30,2,0.27241180540636883,0.3127119729224148,0.3128755594727472,1,1
2014-09-30,2014-12-31,3,0.2525802753789422,0.3898734037534708,-0.1645561848566901,1,1
2014-09-30,2015-03-31,6,0.2128067086005186,0.5630198745146175,0.1171602378150504,1,1
2014-09-30,2015-09-30,12,0.15312702695680439,0.804858725392578,0.0417461283316544,1,1
2014-10-31,2014-11-30,1,0.3113136887670693,0.21384201561355082,0.3128755594727472,1,1
2014-10-31,2014-12-31,2,0.2474053766061698,0.31331101777541626,-0.1645561848566901,1,1
2014-10-31,2015-01-31,3,0.205530263944895,0.39058524560313873,-0.3979690587676776,1,1
2014-10-31,2015-04-30,6,0.14293704221876125,0.563948032432161,0.184184217071337,1,1
2014-10-31,2015-10-31,12,0.08081019469293321,0.806100484524193,0.2443136498637033,1,1
2014-11-30,2014-12-31,1,0.19979495018994745,0.2138278660673958,-0.1645561848566901,1,1
2014-11-30,2015-01-31,2,0.122921104581174,0.31347195689483076,-0.3979690587676776,1,1
2014-11-30,2015-02-28,3,0.07422722981132018,0.3908571417167111,-0.1060124185976119,1,1
2014-11-30,2015-05-31,6,0.0038629560056058776,0.5644221584800091,0.4639870888456965,1,1
2014-11-30,2015-11-30,12,-0.062094394615546944,0.8068257413098154,0.3452048063554702,1,1
2014-12-31,2015-01-31,1,-0.4280337128487699,0.2174863942066114,-0.3979690587676776,1,1
2014-12-31,2015-02-28,2,-0.5786464269828866,0.3193883213793589,-0.1060124185976119,1,1
2014-12-31,2015-03-31,3,-0.6675438580937998,0.3984777290867973,0.1171602378150504,1,1
2014-12-31,2015-06-30,6,-0.7836333295471832,0.5757081089800659,0.4247311084759841,1,1
2014-12-31,2015-12-31,12,-0.8734530960139781,0.8231161134870139,0.4299299581445037,1,1
2015-01-31,2015-02-28,1,-0.6212142601123876,0.22033375719559786,-0.1060124185976119,1,1
2015-01-31,2015-03-31,2,-0.7648480649781315,0.3237703370944304,0.1171602378150504,1,1
2015-01-31,2015-04-30,3,-0.8523060293744895,0.40398051263230905,0.184184217071337,1,1
2015-01-31,2015-07-31,6,-0.9689756059742487,0.5836119964157159,0.3228594809047802,1,1
2015-01-31,2016-01-31,12,-1.065440511711706,0.8343471511268735,0.3277564717789172,1,1
2015-02-28,2015-03-31,1,-0.0031213778453260677,0.2226985855830638,0.1171602378150504,1,1
2015-02-28,2015-04-30,2,0.03622675875470602,0.32600702433530887,0.184184217071337,1,1
2015-02-28,2015-05-31,3,0.04907791218082225,0.40568796556305947,0.4639870888456965,1,1
2015-02-28,2015-08-31,6,0.03513066793692307,0.5838990392382587,0.2164415258942398,1,1
2015-02-28,2016-02-29,12,-0.032776083173055345,0.8330740767840277,-0.1115595149858372,1,1
2015-03-31,2015-04-30,1,0.20126222327067006,0.22239326501529835,0.184184217071337,1,1
2015-03-31,2015-05-31,2,0.23452247039265095,0.3257194376013992,0.4639870888456965,1,1
2015-03-31,2015-06-30,3,0.2455053329179237,0.405431779183869,0.4247311084759841,1,1
2015-03-31,2015-09-30,6,0.23309391442710597,0.5837053762400916,0.0417461283316544,1,1
2015-03-31,2016-03-31,12,0.17314871345765714,0.8329257251921562,-0.0805872491818293,1,1
2015-04-30,2015-05-31,1,0.18579597227322378,0.22223434381573667,0.4639870888456965,1,1
2015-04-30,2015-06-30,2,0.17668490737031345,0.32537552864588964,0.4247311084759841,1,1
2015-04-30,2015-07-31,3,0.16622624681153705,0.40489907414350446,0.3228594809047802,1,1
2015-04-30,2015-10-31,6,0.13546952741813242,0.582729429502774,0.2443136498637033,1,1
2015-04-30,2016-04-30,12,0.0753166038119077,0.8313738230708454,-0.1842355295324171,1,1
2015-05-31,2015-06-30,1,0.5156479211925117,0.22285127720073136,0.4247311084759841,1,1
2015-05-31,2015-07-31,2,0.5213820875409851,0.3262265665401513,0.3228594809047802,1,1
2015-05-31,2015-08-31,3,0.5170692922731832,0.4058906906231752,0.2164415258942398,1,1
2015-05-31,2015-11-30,6,0.4944318383602969,0.5840163466162126,0.3452048063554702,1,1
2015-05-31,2016-05-31,12,0.4447809056570513,0.8331028494514048,-0.1310160193004339,1,1
2015-06-30,2015-07-31,1,0.38809640175866045,0.22237587418967877,0.3228594809047802,1,1
2015-06-30,2015-08-31,2,0.3631211780727523,0.3255079916842892,0.2164415258942398,1,1
2015-06-30,2015-09-30,3,0.345930219499029,0.40498142626886213,0.0417461283316544,1,1
2015-06-30,2015-12-31,6,0.31265237041221056,0.5826810318299948,0.4299299581445037,1,1
2015-06-30,2016-06-30,12,0.26055656033638774,0.8311780654917807,0.0344923101997629,1,1
2015-07-31,2015-08-31,1,0.24768303353049154,0.22197042506329817,0.2164415258942398,1,1
2015-07-31,2015-09-30,2,0.20181674335312924,0.3249633285874704,0.0417461283316544,1,1
2015-07-31,2015-10-31,3,0.17364823519345435,0.4043300731988959,0.2443136498637033,1,1
2015-07-31,2016-01-31,6,0.12951514897452274,0.5817842959643281,0.3277564717789172,1,1
2015-07-31,2016-07-31,12,0.07289272114123985,0.8299272467118893,0.1454052577518849,1,1
2015-08-31,2015-09-30,1,0.09160345297126307,0.2218005084439784,0.0417461283316544,1,1
2015-08-31,2015-10-31,2,0.010975982592297678,0.32489351047497805,0.2443136498637033,1,1
2015-08-31,2015-11-30,3,-0.03697824970444255,0.40437670965799244,0.3452048063554702,1,1
2015-08-31,2016-02-29,6,-0.10087091321980154,0.5820991764555482,-0.1115595149858372,1,1
2015-08-31,2016-08-31,12,-0.16358544334429861,0.8305617040923844,0.2172429172254908,1,1
2015-09-30,2015-10-31,1,-0.08900616132564335,0.2211104792759373,0.2443136498637033,1,1
2015-09-30,2015-11-30,2,-0.16824783041489808,0.32419434692244214,0.3452048063554702,1,1
2015-09-30,2015-12-31,3,-0.21538946388772398,0.403732600985848,0.4299299581445037,1,1
2015-09-30,2016-03-31,6,-0.2808699746063956,0.5815862572131408,-0.0805872491818293,1,1
2015-09-30,2016-09-30,12,-0.34925866995852217,0.8301387240201702,0.4071998117309405,1,1
2015-10-31,2015-11-30,1,0.24265940993116952,0.22136498605927998,0.3452048063554702,1,1
2015-10-31,2015-12-31,2,0.21669440121065955,0.3244960101682094,0.4299299581445037,1,1
2015-10-31,2016-01-31,3,0.19466613455666362,0.40403369819235685,0.3277564717789172,1,1
2015-10-31,2016-04-30,6,0.15336758326553523,0.5818742415370715,-0.1842355295324171,1,1
2015-10-31,2016-10-31,12,0.09529613553114546,0.8304406754604666,0.5217267794975333,1,1
2015-11-30,2015-12-31,1,0.340115436746051,0.2207802496783415,0.4299299581445037,1,1
2015-11-30,2016-01-31,2,0.3221285477256851,0.32375504022935414,0.3277564717789172,1,1
2015-11-30,2016-02-29,3,0.30631666651307654,0.40315905430920307,-0.1115595149858372,1,1
2015-11-30,2016-05-31,6,0.27269139063507286,0.5806764096955315,-0.1310160193004339,1,1
2015-11-30,2016-11-30,12,0.21925216225709646,0.8287720517719942,0.6081735173723457,1,1
2015-12-31,2016-01-31,1,0.3668424922680522,0.22092555474373304,0.3277564717789172,1,1
2015-12-31,2016-02-29,2,0.30760231788007186,0.3240654516460823,-0.1115595149858372,1,1
2015-12-31,2016-03-31,3,0.2681418569306011,0.40357978150780666,-0.0805872491818293,1,1
2015-12-31,2016-06-30,6,0.21269693177166635,0.5813248366225127,0.0344923101997629,1,1
2015-12-31,2016-12-31,12,0.15872708630272742,0.8297264784565932,1.126099940306613,1,1
2016-01-31,2016-02-29,1,0.18731660220962162,0.22048031475343036,-0.1115595149858372,1,1
2016-01-31,2016-03-31,2,0.09012087096147453,0.3239350409920826,-0.0805872491818293,1,1
2016-01-31,2016-04-30,3,0.03058310251462254,0.40374431710108877,-0.1842355295324171,1,1
2016-01-31,2016-07-31,6,-0.045455246421636175,0.5821249734432254,0.1454052577518849,1,1
2016-01-31,2017-01-31,12,-0.10590955486789189,0.8312823083444023,1.7264020735201058,1,1
2016-02-29,2016-03-31,1,-0.2981226231027791,0.2210155891699188,-0.0805872491818293,1,1
2016-02-29,2016-04-30,2,-0.3906067428801665,0.3247391033675881,-0.1842355295324171,1,1
2016-02-29,2016-05-31,3,-0.4422106579944778,0.40486454473489336,-0.1310160193004339,1,1
2016-02-29,2016-08-31,6,-0.5130325432085019,0.5840487104351432,0.2172429172254908,1,1
2016-02-29,2017-02-28,12,-0.5858747448804585,0.834282280563057,1.9642891917768468,1,1
2016-03-31,2016-04-30,1,-0.06435432701085932,0.22130214934188178,-0.1842355295324171,1,1
2016-03-31,2016-05-31,2,-0.05998598391713482,0.32473338906325927,-0.1310160193004339,1,1
2016-03-31,2016-06-30,3,-0.06270044582776428,0.40451181966440536,0.0344923101997629,1,1
2016-03-31,2016-09-30,6,-0.08763013125005324,0.582867245021793,0.4071998117309405,1,1
2016-03-31,2017-03-31,12,-0.15155414747832063,0.8320812814590536,1.6428700982078714,1,1
2016-04-30,2016-05-31,1,-0.23307247710454868,0.22091101558153273,-0.1310160193004339,1,1
2016-04-30,2016-06-30,2,-0.26148117811950666,0.3241566646371201,0.0344923101997629,1,1
2016-04-30,2016-07-31,3,-0.281120253602907,0.40378257453804256,0.1454052577518849,1,1
2016-04-30,2016-10-31,6,-0.3225585375124135,0.58178850896346,0.5217267794975333,1,1
2016-04-30,2017-04-30,12,-0.39186124979818326,0.8305184590624525,1.810697791263216,1,1
2016-05-31,2016-06-30,1,-0.08624807871667736,0.22070223296346944,0.0344923101997629,1,1
2016-05-31,2016-07-31,2,-0.06350016368218767,0.32378104778254185,0.1454052577518849,1,1
2016-05-31,2016-08-31,3,-0.05603604095976859,0.4032536780651295,0.2172429172254908,1,1
2016-05-31,2016-11-30,6,-0.0716764276457853,0.5809049659693799,0.6081735173723457,1,1
2016-05-31,2017-05-31,12,-0.13504494340834303,0.829164207377718,1.4456648390557492,1,1
2016-06-30,2016-07-31,1,0.11453172954300994,0.2202597309318768,0.1454052577518849,1,1
2016-06-30,2016-08-31,2,0.15081737113119156,0.3232192281508441,0.2172429172254908,1,1
2016-06-30,2016-09-30,3,0.16462170100544352,0.4026241790817964,0.4071998117309405,1,1
2016-06-30,2016-12-31,6,0.15633777028889484,0.5801319894189734,1.126099940306613,1,1
2016-06-30,2017-06-30,12,0.09939915145726538,0.8281618170225229,1.2092176584805436,1,1
2016-07-31,2016-08-31,1,0.1469730307658347,0.2200249746658195,0.2172429172254908,1,1
2016-07-31,2016-09-30,2,0.13182767819454422,0.32269158357051814,0.4071998117309405,1,1
2016-07-31,2016-10-31,3,0.11693713063735105,0.4018339358117973,0.5217267794975333,1,1
2016-07-31,2017-01-31,6,0.08250568329976779,0.5787513241734639,1.7264020735201058,1,1
2016-07-31,2017-07-31,12,0.02504270829759478,0.8260110346121518,1.256212422891778,1,1
2016-08-31,2016-09-30,1,0.2078919545068802,0.21952270865242746,0.4071998117309405,1,1
2016-08-31,2016-10-31,2,0.18920265517711485,0.322012370655933,0.5217267794975333,1,1
2016-08-31,2016-11-30,3,0.17308607254319658,0.4010115779782202,0.6081735173723457,1,1
2016-08-31,2017-02-28,6,0.13861291358774122,0.577596259056134,1.9642891917768468,1,1
2016-08-31,2017-08-31,12,0.08356146822442378,0.8243816554156035,1.4541090176512173,1,1
2016-09-30,2016-10-31,1,0.4566029367185825,0.2192248571950758,0.5217267794975333,1,1
2016-09-30,2016-11-30,2,0.46779760920049607,0.32165022975583013,0.6081735173723457,1,1
2016-09-30,2016-12-31,3,0.46728323624842133,0.400594076149582,1.126099940306613,1,1
2016-09-30,2017-03-31,6,0.44904901153532234,0.5770402514514782,1.6428700982078714,1,1
2016-09-30,2017-09-30,12,0.40231773997229703,0.823618591558741,1.5432963834989932,1,1
2016-10-31,2016-11-30,1,0.5854613454422078,0.21892224521676315,0.6081735173723457,1,1
2016-10-31,2016-12-31,2,0.6165098858221775,0.32117235848863984,1.126099940306613,1,1
2016-10-31,2017-01-31,3,0.62929874472464,0.39998468076097193,1.7264020735201058,1,1
2016-10-31,2017-04-30,6,0.6259131351213584,0.5761436362731912,1.810697791263216,1,1
2016-10-31,2017-10-31,12,0.5851226048196126,0.8223261679636034,1.384497597576262,1,1
2016-11-30,2016-12-31,1,0.6151828587029052,0.21874194567215943,1.126099940306613,1,1
2016-11-30,2017-01-31,2,0.6076637543402598,0.320808673050397,1.7264020735201058,1,1
2016-11-30,2017-02-28,3,0.5987235918318221,0.3994505442126747,1.9642891917768468,1,1
2016-11-30,2017-05-31,6,0.5755651859258818,0.5752185012913336,1.4456648390557492,1,1
2016-11-30,2017-11-30,12,0.5344455552697668,0.8208881903345039,1.5674268666955316,1,1
2016-12-31,2017-01-31,1,1.324477660345558,0.2207465219778946,1.7264020735201058,1,1
2016-12-31,2017-02-28,2,1.4083249677468976,0.32396957407613863,1.9642891917768468,1,1
2016-12-31,2017-03-31,3,1.4453625516386759,0.40349754843073216,1.6428700982078714,1,1
2016-12-31,2017-06-30,6,1.4682265861488515,0.5812046381533282,1.2092176584805436,1,1
2016-12-31,2017-12-31,12,1.4491005723381485,0.8295380967864403,1.3674447679731028,1,1
2017-01-31,2017-02-28,1,1.966240411063447,0.22268830291162628,1.9642891917768468,1,1
2017-01-31,2017-03-31,2,2.072019779727771,0.32742492030413806,1.6428700982078714,1,1
2017-01-31,2017-04-30,3,2.1216957413450515,0.40817690064771167,1.810697791263216,1,1
2017-01-31,2017-07-31,6,2.1628979549497442,0.5885742704334815,1.256212422891778,1,1
2017-01-31,2018-01-31,12,2.1642046680840776,0.8405116142938935,1.3079154700317508,1,1
2017-02-28,2017-03-31,1,2.025505377780786,0.22301744640902543,1.6428700982078714,1,1
2017-02-28,2017-04-30,2,2.041136408504791,0.32774682596414223,1.810697791263216,1,1
2017-02-28,2017-05-31,3,2.0451632263261104,0.4083826468900083,1.4456648390557492,1,1
2017-02-28,2017-08-31,6,2.047149687239212,0.5884507626516068,1.4541090176512173,1,1
2017-02-28,2018-02-28,12,2.0492427894449055,0.8400097228113369,1.1466561997395264,1,1
2017-03-31,2017-04-30,1,1.517327109288149,0.22352983555513073,1.810697791263216,1,1
2017-03-31,2017-05-31,2,1.4627176234196804,0.32832831811770996,1.4456648390557492,1,1
2017-03-31,2017-06-30,3,1.4368796648993187,0.40903732098730966,1.2092176584805436,1,1
2017-03-31,2017-09-30,6,1.412507574012223,0.589312149361984,1.5432963834989932,1,1
2017-03-31,2018-03-31,12,1.401840891773887,0.8411882256809966,1.375836409945097,1,1
2017-04-30,2017-05-31,1,1.857582964710437,0.22429018230088488,1.4456648390557492,1,1
2017-04-30,2017-06-30,2,1.871697671989277,0.32917443752634407,1.2092176584805436,1,1
2017-04-30,2017-07-31,3,1.8762815299123958,0.40990540468960435,1.256212422891778,1,1
2017-04-30,2017-10-31,6,1.8781486676647747,0.5902329641723878,1.384497597576262,1,1
2017-04-30,2018-04-30,12,1.8759057665935264,0.8422598848737592,1.32494258778888,1,1
2017-05-31,2017-06-30,1,1.2937682542961453,0.22522571448339854,1.2092176584805436,1,1
2017-05-31,2017-07-31,2,1.224500283342869,0.33049081744368997,1.256212422891778,1,1
2017-05-31,2017-08-31,3,1.1906767759553811,0.4115199641926101,1.4541090176512173,1,1
2017-05-31,2017-11-30,6,1.1573340333520057,0.5925239109349639,1.5674268666955316,1,1
2017-05-31,2018-05-31,12,1.1399696313642178,0.8455057737597472,1.881425411885318,1,1
2017-06-30,2017-07-31,1,1.092800187926768,0.22481967268159955,1.256212422891778,1,1
2017-06-30,2017-08-31,2,1.0336011630023112,0.3300431242866387,1.4541090176512173,1,1
2017-06-30,2017-09-30,3,1.0023878915696374,0.41107501735177426,1.5432963834989932,1,1
2017-06-30,2017-12-31,6,0.9676540639911122,0.5920899709563165,1.3674447679731028,1,1
2017-06-30,2018-06-30,12,0.9433143254422887,0.8450398601098029,2.016570786329108,1,1
2017-07-31,2017-08-31,1,1.2430013404377243,0.22435523864929752,1.4541090176512173,1,1
2017-07-31,2017-09-30,2,1.226267056806983,0.3293039047347994,1.5432963834989932,1,1
2017-07-31,2017-10-31,3,1.214211894955348,0.4101189653029382,1.384497597576262,1,1
2017-07-31,2018-01-31,6,1.1956912264415145,0.5906549603482253,1.3079154700317508,1,1
2017-07-31,2018-07-31,12,1.1749998831029094,0.8429503889800425,2.1249685552858333,1,1
2017-08-31,2017-09-30,1,1.5261748123141292,0.22419582448277967,1.5432963834989932,1,1
2017-08-31,2017-10-31,2,1.554778694058825,0.32902851918804615,1.384497597576262,1,1
2017-08-31,2017-11-30,3,1.566413471979551,0.40972850463069477,1.5674268666955316,1,1
2017-08-31,2018-02-28,6,1.5710289855647468,0.5899922538872385,1.1466561997395264,1,1
2017-08-31,2018-08-31,12,1.5592457772393993,0.8419272986510423,2.039064822252845,1,1
2017-09-30,2017-10-31,1,1.5886767956613432,0.22371252428229546,1.384497597576262,1,1
2017-09-30,2017-11-30,2,1.61087534015851,0.3283383678331067,1.5674268666955316,1,1
2017-09-30,2017-12-31,3,1.621180683648673,0.40888571695009723,1.3674447679731028,1,1
2017-09-30,2018-03-31,6,1.626490987895329,0.5888107515846591,1.375836409945097,1,1
2017-09-30,2018-09-30,12,1.617423774414594,0.8402653567221096,2.0984195911589287,1,1
2017-10-31,2017-11-30,1,1.3392158180365608,0.22357044964702297,1.5674268666955316,1,1
2017-10-31,2017-12-31,2,1.3239454499799799,0.3280920504207103,1.3674447679731028,1,1
2017-10-31,2018-01-31,3,1.3171522068794685,0.40854813204811086,1.3079154700317508,1,1
2017-10-31,2018-04-30,6,1.3069382604283108,0.5882664400824359,1.32494258778888,1,1
2017-10-31,2018-10-31,12,1.291416657946349,0.8394451724902117,2.279389222599204,1,1
2017-11-30,2017-12-31,1,1.6497635445090557,0.22374430700089337,1.3674447679731028,1,1
2017-11-30,2018-01-31,2,1.6879344834323255,0.3282763348875187,1.3079154700317508,1,1
2017-11-30,2018-02-28,3,1.7055956716831069,0.40872436315698335,1.1466561997395264,1,1
2017-11-30,2018-05-31,6,1.717145169526978,0.58842142736542,1.881425411885318,1,1
2017-11-30,2018-11-30,12,1.7096411137626306,0.8395926637202149,1.9636215250254496,1,1
2017-12-31,2018-01-31,1,1.3251235300320903,0.22386064000147085,1.3079154700317508,1,1
2017-12-31,2018-02-28,2,1.3168789383618056,0.3283428844668944,1.1466561997395264,1,1
2017-12-31,2018-03-31,3,1.3148733096828449,0.40874174329739726,1.375836409945097,1,1
2017-12-31,2018-06-30,6,1.3093548304301412,0.5883379143400984,2.016570786329108,1,1
2017-12-31,2018-12-31,12,1.2941933242212835,0.8393957349489999,1.5512300442355187,1,1
2018-01-31,2018-02-28,1,1.3210469403230556,0.2232399140306592,1.1466561997395264,1,1
2018-01-31,2018-03-31,2,1.337011292429291,0.3275651910420663,1.375836409945097,1,1
2018-01-31,2018-04-30,3,1.3461750008289253,0.4078478385198283,1.32494258778888,1,1
2018-01-31,2018-07-31,6,1.3493970425215729,0.5871689750278147,2.1249685552858333,1,1
2018-01-31,2019-01-31,12,1.3338588059132868,0.8378117686566469,1.2556502753770182,1,1
2018-02-28,2018-03-31,1,1.0835000452472299,0.22286990302540377,1.375836409945097,1,1
2018-02-28,2018-04-30,2,1.054992213645545,0.32703635179780505,1.32494258778888,1,1
2018-02-28,2018-05-31,3,1.040177186679557,0.4071886102888223,1.881425411885318,1,1
2018-02-28,2018-08-31,6,1.020218699235123,0.5862098464154746,2.039064822252845,1,1
2018-02-28,2019-02-28,12,0.9971316498832923,0.8364340353154315,1.3847719083843524,1,1
2018-03-31,2018-04-30,1,1.420480246792583,0.22290270631830858,1.32494258778888,1,1
2018-03-31,2018-05-31,2,1.4248860058724306,0.326936458632683,1.881425411885318,1,1
2018-03-31,2018-06-30,3,1.4217963873977275,0.4069993192687036,2.016570786329108,1,1
2018-03-31,2018-09-30,6,1.4116299060240218,0.58585666481966,2.0984195911589287,1,1
2018-03-31,2019-03-31,12,1.3959981272708217,0.8358786740454337,1.4443583829849782,1,1
2018-04-30,2018-05-31,1,1.332044847422212,0.2227419267931246,1.881425411885318,1,1
2018-04-30,2018-06-30,2,1.3420630687614177,0.3264827372890176,2.016570786329108,1,1
2018-04-30,2018-07-31,3,1.3474923166591024,0.40632904714896506,2.1249685552858333,1,1
2018-04-30,2018-10-31,6,1.3472425016868852,0.5847425211558496,2.279389222599204,1,1
2018-04-30,2019-04-30,12,1.3318831581939066,0.8341872593380392,1.6150196467889175,1,1
2018-05-31,2018-06-30,1,2.0846275172015614,0.225332856264428,2.016570786329108,1,1
2018-05-31,2018-07-31,2,2.1690974936034695,0.33031723790402656,2.1249685552858333,1,1
2018-05-31,2018-08-31,3,2.2073876307562665,0.4111522970864635,2.039064822252845,1,1
2018-05-31,2018-11-30,6,2.2388044618793383,0.5917908277824737,1.9636215250254496,1,1
2018-05-31,2019-05-31,12,2.2427166467618784,0.8443239963832464,1.2756740410111878,1,1
2018-06-30,2018-07-31,1,2.076621992431151,0.22491177121037761,2.1249685552858333,1,1
2018-06-30,2018-08-31,2,2.105112527508989,0.3295870294946104,2.039064822252845,1,1
2018-06-30,2018-09-30,3,2.1192034602847123,0.41017226944291024,2.0984195911589287,1,1
2018-06-30,2018-12-31,6,2.1324988214885185,0.5902599428971141,1.5512300442355187,1,1
2018-06-30,2019-06-30,12,2.137574728303817,0.8420526456639972,1.2201254350985955,1,1
2018-07-31,2018-08-31,1,2.1678379324425032,0.22445420116469614,2.039064822252845,1,1
2018-07-31,2018-09-30,2,2.1871143178503587,0.3289233869519529,2.0984195911589287,1,1
2018-07-31,2018-10-31,3,2.196673085045978,0.4093522677461479,2.279389222599204,1,1
2018-07-31,2019-01-31,6,2.207031583416968,0.5890910424929393,1.2556502753770182,1,1
2018-07-31,2019-07-31,12,2.2145633364873123,0.840393389284776,1.1081275930239665,1,1
2018-08-31,2018-09-30,1,2.0441306467117073,0.2240235365893181,2.0984195911589287,1,1
2018-08-31,2018-10-31,2,2.0575815686718992,0.32824481427600677,2.279389222599204,1,1
2018-08-31,2018-11-30,3,2.0669863048345105,0.40848996395917014,1.9636215250254496,1,1
2018-08-31,2019-02-28,6,2.0777510145940057,0.587832041095,1.3847719083843524,1,1
2018-08-31,2019-08-31,12,2.0831303524983764,0.8385871102225133,1.0936824694169456,1,1
2018-09-30,2018-10-31,1,2.148788634316301,0.2233676460653714,2.279389222599204,1,1
2018-09-30,2018-11-30,2,2.1790129368670046,0.32737898860982034,1.9636215250254496,1,1
2018-09-30,2018-12-31,3,2.195648130042092,0.40748418061495817,1.5512300442355187,1,1
2018-09-30,2019-03-31,6,2.2127821220889294,0.5865170571859419,1.4443583829849782,1,1
2018-09-30,2019-09-30,12,2.2205917230961947,0.8368097756895077,0.9026507996250376,1,1
2018-10-31,2018-11-30,1,2.3534123548621375,0.22303717311178586,1.9636215250254496,1,1
2018-10-31,2018-12-31,2,2.3875471121906577,0.32691562246592415,1.5512300442355187,1,1
2018-10-31,2019-01-31,3,2.404716201905393,0.40692806027246486,1.2556502753770182,1,1
2018-10-31,2019-04-30,6,2.4232576633394096,0.5857578006495783,1.6150196467889175,1,1
2018-10-31,2019-10-31,12,2.435933731748683,0.8357577570168792,0.7920026807984204,1,1
2018-11-30,2018-12-31,1,1.8634232601869718,0.2236933445004659,1.5512300442355187,1,1
2018-11-30,2019-01-31,2,1.8261511508136226,0.3276904033364223,1.2556502753770182,1,1
2018-11-30,2019-02-28,3,1.8104779181778308,0.4077641097583898,1.3847719083843524,1,1
2018-11-30,2019-05-31,6,1.79879121278553,0.586733990409381,1.2756740410111878,1,1
2018-11-30,2019-11-30,12,1.799030387758583,0.8369833962140827,0.9096863003962952,1,1
2018-12-31,2019-01-31,1,1.3403435102154257,0.2250531178541323,1.2556502753770182,1,1
2018-12-31,2019-02-28,2,1.2329947875691203,0.3299640832895692,1.3847719083843524,1,1
2018-12-31,2019-03-31,3,1.1781517267820734,0.4107848018064449,1.4443583829849782,1,1
2018-12-31,2019-06-30,6,1.1263876745199206,0.591410790128232,1.2201254350985955,1,1
2018-12-31,2019-12-31,12,1.1100902127034205,0.8438948104853378,1.342818581084404,1,1
2019-01-31,2019-02-28,1,1.125349176075583,0.2245508836407022,1.3847719083843524,1,1
2019-01-31,2019-03-31,2,1.0626520471272658,0.32927743286952643,1.4443583829849782,1,1
2019-01-31,2019-04-30,3,1.0305712700338299,0.4099689535031258,1.6150196467889175,1,1
2019-01-31,2019-07-31,6,0.9963708108266291,0.5903094384787764,1.1081275930239665,1,1
2019-01-31,2020-01-31,12,0.9749897319423105,0.8423781036055437,1.358378366375934,1,1
2019-02-28,2019-03-31,1,1.4274462855917203,0.22448293830164856,1.4443583829849782,1,1
2019-02-28,2019-04-30,2,1.4430535015653925,0.32892406217706277,1.6150196467889175,1,1
2019-02-28,2019-05-31,3,1.4486678599757252,0.4093432016691516,1.2756740410111878,1,1
2019-02-28,2019-08-31,6,1.4480799356287084,0.58907039093763,1.0936824694169456,1,1
2019-02-28,2020-02-29,12,1.4348376839793675,0.8403595174707679,1.211515585385703,1,1
2019-03-31,2019-04-30,1,1.4740378016904645,0.22397807985957277,1.6150196467889175,1,1
2019-03-31,2019-05-31,2,1.4879984038536023,0.3281879131069495,1.2756740410111878,1,1
2019-03-31,2019-06-30,3,1.4939559704583958,0.4084306928415971,1.2201254350985955,1,1
2019-03-31,2019-09-30,6,1.4947442762303231,0.5877644411531789,0.9026507996250376,1,1
2019-03-31,2020-03-31,12,1.4833080320627876,0.8385019108766859,0.7930543265016965,1,1
2019-04-30,2019-05-31,1,1.692960032633224,0.22346688881714077,1.2756740410111878,1,1
2019-04-30,2019-06-30,2,1.7298195168022195,0.32751887064075835,1.2201254350985955,1,1
2019-04-30,2019-07-31,3,1.747287524923546,0.4076610581319043,1.1081275930239665,1,1
2019-04-30,2019-10-31,6,1.759701385463384,0.5867742392367574,0.7920026807984204,1,1
2019-04-30,2020-04-30,12,1.7543034508806414,0.8371767258614041,0.3167541835985554,1,1
2019-05-31,2019-06-30,1,1.2125577779968109,0.22428801850625546,1.2201254350985955,1,1
2019-05-31,2019-07-31,2,1.2026712635873178,0.32860406333405484,1.1081275930239665,1,1
2019-05-31,2019-08-31,3,1.201261393277788,0.40896427291793247,1.0936824694169456,1,1
2019-05-31,2019-11-30,6,1.1962985322972353,0.5885986300412426,0.9096863003962952,1,1
2019-05-31,2020-05-31,12,1.180034492721121,0.83974982585331,0.065534352697183,1,1
2019-06-30,2019-07-31,1,1.132714222621904,0.22452213856814562,1.1081275930239665,1,1
2019-06-30,2019-08-31,2,1.076200908110293,0.3284952614779495,1.0936824694169456,1,1
2019-06-30,2019-09-30,3,1.0442204802499078,0.4085992645925359,0.9026507996250376,1,1
2019-06-30,2019-12-31,6,1.0088455511556658,0.5877284903282215,1.342818581084404,1,1
2019-06-30,2020-06-30,12,0.9867840962527449,0.8382674717739315,0.239581825670565,1,1
2019-07-31,2019-08-31,1,1.0469862720861682,0.2240277268688961,1.0936824694169456,1,1
2019-07-31,2019-09-30,2,1.0139824080325486,0.3277644560089642,0.9026507996250376,1,1
2019-07-31,2019-10-31,3,0.995575638150952,0.40768673888891593,0.7920026807984204,1,1
2019-07-31,2020-01-31,6,0.971876448376884,0.5864107582769742,1.358378366375934,1,1
2019-07-31,2020-07-31,12,0.9487651879518852,0.8363844118612915,0.3204772775317055,1,1
2019-08-31,2019-09-30,1,1.0541589052525664,0.22360125309446943,0.9026507996250376,1,1
2019-08-31,2019-10-31,2,1.0266609217254052,0.3271584726569132,0.7920026807984204,1,1
2019-08-31,2019-11-30,3,1.0099505027268356,0.40694547807195347,0.9096863003962952,1,1
2019-08-31,2020-02-29,6,0.9872020274255241,0.5853673362254354,1.211515585385703,1,1
2019-08-31,2020-08-31,12,0.963925447348411,0.8349132252235515,-0.2258006807932533,1,1
2019-09-30,2019-10-31,1,0.8501893620971767,0.22334850746706322,0.7920026807984204,1,1
2019-09-30,2019-11-30,2,0.8303654840064278,0.3267017013782198,0.9096863003962952,1,1
2019-09-30,2019-12-31,3,0.8198779739635992,0.40633294510897583,1.342818581084404,1,1
2019-09-30,2020-03-31,6,0.8019281230463823,0.5844202190491238,0.7930543265016965,1,1
2019-09-30,2020-09-30,12,0.774719724813339,0.8335165022598515,-0.2999496213319297,1,1
2019-10-31,2019-11-30,1,0.7348614886027743,0.2227105599250367,0.9096863003962952,1,1
2019-10-31,2019-12-31,2,0.7038872835198893,0.32580966929029787,1.342818581084404,1,1
2019-10-31,2020-01-31,3,0.6859214779340967,0.405259897025732,1.358378366375934,1,1
2019-10-31,2020-04-30,6,0.6597147270766642,0.5829476556108999,0.3167541835985554,1,1
2019-10-31,2020-10-31,12,0.6286589960033514,0.8314697385384369,-0.2567703597561199,1,1
2019-11-30,2019-12-31,1,0.9369900617180991,0.2223556587387514,1.342818581084404,1,1
2019-11-30,2020-01-31,2,0.9429071270708802,0.32526392222365663,1.358378366375934,1,1
2019-11-30,2020-02-29,3,0.9426390743137426,0.4045616470105708,1.211515585385703,1,1
2019-11-30,2020-05-31,6,0.9327397514480492,0.5819081465207873,0.065534352697183,1,1
2019-11-30,2020-11-30,12,0.9070114747840023,0.8299611017778278,-0.244662223770864,1,1
2019-12-31,2020-01-31,1,1.4495703839397702,0.22349878186510735,1.358378366375934,1,1
2019-12-31,2020-02-29,2,1.4804981169264286,0.32708083196313853,1.211515585385703,1,1
2019-12-31,2020-03-31,3,1.4906265330916624,0.4069066871857003,0.7930543265016965,1,1
2019-12-31,2020-06-30,6,1.492717370073243,0.5854256026599572,0.239581825670565,1,1
2019-12-31,2020-12-31,12,1.4793895681341573,0.8350837615520015,-0.2511429946374099,1,1
2020-01-31,2020-02-29,1,1.3218383711054336,0.22282736487227361,1.211515585385703,1,1
2020-01-31,2020-03-31,2,1.2936112723382562,0.3261071733498668,0.7930543265016965,1,1
2020-01-31,2020-04-30,3,1.2764894579791457,0.4056881170697424,0.3167541835985554,1,1
2020-01-31,2020-07-31,6,1.255619785903639,0.5836513089122525,0.3204772775317055,1,1
2020-01-31,2021-01-31,12,1.239465185062007,0.8325359203986097,0.7325074258367037,1,1
2020-02-29,2020-03-31,1,1.1193624797816735,0.22269417064386215,0.7930543265016965,1,1
2020-02-29,2020-04-30,2,1.0680202225902544,0.3260012460148899,0.3167541835985554,1,1
2020-02-29,2020-05-31,3,1.039945585202094,0.4056114331091973,0.065534352697183,1,1
2020-02-29,2020-08-31,6,1.0084102035577618,0.5836332216230131,-0.2258006807932533,1,1
2020-02-29,2021-02-28,12,0.987204421863205,0.8325767995761534,0.7869650279711315,1,1
2020-03-31,2020-04-30,1,0.524033624307751,0.22326417271024596,0.3167541835985554,1,1
2020-03-31,2020-05-31,2,0.37232313559044694,0.32739928922320627,0.065534352697183,1,1
2020-03-31,2020-06-30,3,0.2894307238095253,0.4077708192834343,0.239581825670565,1,1
2020-03-31,2020-09-30,6,0.20199256430418466,0.5875131487928461,-0.2999496213319297,1,1
2020-03-31,2021-03-31,12,0.16166012755477577,0.838688233315148,1.2551369368191123,1,1
2020-04-30,2020-05-31,1,0.016566306082379245,0.22350574083524813,0.065534352697183,1,1
2020-04-30,2020-06-30,2,-0.15657298448025353,0.32864900367240696,0.239581825670565,1,1
2020-04-30,2020-07-31,3,-0.2546672591693498,0.4100182413286958,0.3204772775317055,1,1
2020-04-30,2020-10-31,6,-0.36577068584435607,0.5920689928005408,-0.2567703597561199,1,1
2020-04-30,2021-04-30,12,-0.42315852255894654,0.8461933791924532,1.6021927992195373,1,1
2020-05-31,2020-06-30,1,-0.07659419213205851,0.2227641881638812,0.239581825670565,1,1
2020-05-31,2020-07-31,2,-0.15703957634994006,0.32737047854861684,0.3204772775317055,1,1
2020-05-31,2020-08-31,3,-0.20384529756219705,0.40827135662918196,-0.2258006807932533,1,1
2020-05-31,2020-11-30,6,-0.26537553493449395,0.5892499037192478,-0.244662223770864,1,1
2020-05-31,2021-05-31,12,-0.31933410531912393,0.8419368416524861,1.9602497050500656,1,1
2020-06-30,2020-07-31,1,0.31203317189644025,0.22313360575378435,0.3204772775317055,1,1
2020-06-30,2020-08-31,2,0.3434229426440317,0.32743731448147134,-0.2258006807932533,1,1
2020-06-30,2020-09-30,3,0.35580785464706627,0.40798795617949113,-0.2999496213319297,1,1
2020-06-30,2020-12-31,6,0.35251008396900113,0.5881415114699508,-0.2511429946374099,1,1
2020-06-30,2021-06-30,12,0.31280371810551905,0.8398222522581477,2.01354617091285,1,1
2020-07-31,2020-08-31,1,0.38724350091268855,0.22161410437035273,-0.2258006807932533,1,1
2020-07-31,2020-09-30,2,0.4249932333158137,0.32546670236754366,-0.2999496213319297,1,1
2020-07-31,2020-10-31,3,0.44298914440241544,0.4057579949903924,-0.2567703597561199,1,1
2020-07-31,2021-01-31,6,0.44709915329458527,0.5853776837694425,0.7325074258367037,1,1
2020-07-31,2021-07-31,12,0.4109413926970221,0.8362230813090444,2.380361051841273,1,1
2020-08-31,2020-09-30,1,-0.4305865162140859,0.22096899788076763,-0.2999496213319297,1,1
2020-08-31,2020-10-31,2,-0.5271283572824689,0.32475371053086144,-0.2567703597561199,1,1
2020-08-31,2020-11-30,3,-0.580129090066456,0.40513351561932565,-0.244662223770864,1,1
2020-08-31,2021-02-28,6,-0.6499230229291717,0.5850789789518489,0.7869650279711315,1,1
2020-08-31,2021-08-31,12,-0.7121157029456587,0.8362856570615244,3.1732997264668272,1,1
2020-09-30,2020-10-31,1,-0.35973183574407297,0.22058315893745145,-0.2567703597561199,1,1
2020-09-30,2020-11-30,2,-0.39955898122663913,0.32407083979250895,-0.244662223770864,1,1
2020-09-30,2020-12-31,3,-0.4261203305889244,0.4042224396332378,-0.2511429946374099,1,1
2020-09-30,2021-03-31,6,-0.47168514808676587,0.5836729309857777,1.2551369368191123,1,1
2020-09-30,2021-09-30,12,-0.5308636725439404,0.8342123141312415,3.475072881245733,1,1
2020-10-31,2020-11-30,1,-0.27390221361858547,0.21978061419385467,-0.244662223770864,1,1
2020-10-31,2020-12-31,2,-0.2945077035667752,0.32289996915420016,-0.2511429946374099,1,1
2020-10-31,2021-01-31,3,-0.3112886117427789,0.4027864601577354,0.7325074258367037,1,1
2020-10-31,2021-04-30,6,-0.34693072106061773,0.5816661539808868,1.6021927992195373,1,1
2020-10-31,2021-10-31,12,-0.4030604436849158,0.8314012886079983,4.135839654419748,1,1
2020-11-30,2020-12-31,1,-0.23864929399780527,0.21932575926783382,-0.2511429946374099,1,1
2020-11-30,2021-01-31,2,-0.23873709375039517,0.32223140685064655,0.7325074258367037,1,1
2020-11-30,2021-02-28,3,-0.2427085868342241,0.4019567202288982,0.7869650279711315,1,1
2020-11-30,2021-05-31,6,-0.26452050465536453,0.5804810965226852,1.9602497050500656,1,1
2020-11-30,2021-11-30,12,-0.31746207544521005,0.8297191364418439,4.776178883623405,1,1
2020-12-31,2021-01-31,1,-0.19937642945874737,0.21836267084336805,0.7325074258367037,1,1
2020-12-31,2021-02-28,2,-0.16340462169106507,0.32082995223043476,0.7869650279711315,1,1
2020-12-31,2021-03-31,3,-0.14529697993253038,0.4002765491901157,1.2551369368191123,1,1
2020-12-31,2021-06-30,6,-0.14330848281349504,0.5782469524913555,2.01354617091285,1,1
2020-12-31,2021-12-31,12,-0.1913288001341064,0.8266923856600843,5.003092995036562,1,1
2021-01-31,2021-02-28,1,1.1526456284285693,0.22455455284521153,0.7869650279711315,1,1
2021-01-31,2021-03-31,2,1.366123065719289,0.3307506267479793,1.2551369368191123,1,1
2021-01-31,2021-04-30,3,1.4819614617070094,0.413364665976846,1.6021927992195373,1,1
2021-01-31,2021-07-31,6,1.5973658611633865,0.5986127801835381,2.380361051841273,1,1
2021-01-31,2022-01-31,12,1.597377249084675,0.8569632272505511,5.08856137301219,1,1
2021-02-28,2021-03-31,1,0.8737834171749328,0.22490353812866584,1.2551369368191123,1,1
2021-02-28,2021-04-30,2,0.9300054703649995,0.33034487405687246,1.6021927992195373,1,1
2021-02-28,2021-05-31,3,0.9611795833430541,0.4122514162925292,1.9602497050500656,1,1
2021-02-28,2021-08-31,6,0.9858466323425994,0.5958901307076966,3.1732997264668272,1,1
2021-02-28,2022-02-28,12,0.9664105792108582,0.8522189243814883,5.822182063523629,1,1
2021-03-31,2021-04-30,1,1.4217214263503273,0.22561337312027394,1.6021927992195373,1,1
2021-03-31,2021-05-31,2,1.5001484397282703,0.33146515963434364,1.9602497050500656,1,1
2021-03-31,2021-06-30,3,1.5412544897673413,0.4137569276005751,2.01354617091285,1,1
2021-03-31,2021-09-30,6,1.5795672935643017,0.598320279086794,3.475072881245733,1,1
2021-03-31,2022-03-31,12,1.5737092358939033,0.8559050912237458,7.475060615792795,1,1
2021-04-30,2021-05-31,1,1.7946622642064054,0.22480387187513068,1.9602497050500656,1,1
2021-04-30,2021-06-30,2,1.9046319384109225,0.33052576305977416,2.01354617091285,1,1
2021-04-30,2021-07-31,3,1.9677726248812435,0.4128786199143436,2.380361051841273,1,1
2021-04-30,2021-10-31,6,2.0357029778665043,0.5977443567784811,4.135839654419748,1,1
2021-04-30,2022-04-30,12,2.045192816283068,0.855664734523784,7.468167355829425,1,1
2021-05-31,2021-06-30,1,2.121796158000267,0.22431183596515392,2.01354617091285,1,1
2021-05-31,2021-07-31,2,2.209468328827417,0.3299480053934529,2.380361051841273,1,1
2021-05-31,2021-08-31,3,2.2598809156511828,0.41229830990236344,3.1732997264668272,1,1
2021-05-31,2021-11-30,6,2.316952750049226,0.5972244983631823,4.776178883623405,1,1
2021-05-31,2022-05-31,12,2.332092154774124,0.8551888608587279,8.091073475972422,1,1
2021-06-30,2021-07-31,1,2.1194575881336917,0.22355132141466316,2.380361051841273,1,1
2021-06-30,2021-08-31,2,2.192410791244452,0.32871971799207456,3.1732997264668272,1,1
2021-06-30,2021-09-30,3,2.237029591843317,0.4107487385280159,3.475072881245733,1,1
2021-06-30,2021-12-31,6,2.2892544462190036,0.5950307289765651,5.003092995036562,1,1
2021-06-30,2022-06-30,12,2.3046738338927173,0.8521165528932603,8.621579406072444,1,1
2021-07-31,2021-08-31,1,2.6286527373325703,0.22334833065418458,3.1732997264668272,1,1
2021-07-31,2021-09-30,2,2.7820047417688207,0.3287872749790721,3.475072881245733,1,1
2021-07-31,2021-10-31,3,2.8751685880093616,0.4111697279851933,4.135839654419748,1,1
2021-07-31,2022-01-31,6,2.9881462835509653,0.596391512413366,5.08856137301219,1,1
2021-07-31,2022-07-31,12,3.027918234546836,0.8546957607815948,8.78685513009152,1,1
2021-08-31,2021-09-30,1,3.3900217690948975,0.227361487888137,3.475072881245733,1,1
2021-08-31,2021-10-31,2,3.486525444277627,0.334526531467821,4.135839654419748,1,1
2021-08-31,2021-11-30,3,3.541710202437989,0.4182705062318995,4.776178883623405,1,1
2021-08-31,2022-02-28,6,3.61479190738843,0.6066116941613556,5.822182063523629,1,1
2021-08-31,2022-08-31,12,3.6610223293343376,0.8693097430125889,9.082089420338257,1,1
2021-09-30,2021-10-31,1,3.6474846691394043,0.22571144714583852,4.135839654419748,1,1
2021-09-30,2021-11-30,2,3.754116647081275,0.3323139857289831,4.776178883623405,1,1
2021-09-30,2021-12-31,3,3.8219910593468907,0.41583371620504833,5.003092995036562,1,1
2021-09-30,2022-03-31,6,3.916628699342723,0.6039661235922601,7.475060615792795,1,1
2021-09-30,2022-09-30,12,3.9766298069470434,0.8663302851054243,9.939783712928074,1,1
2021-10-31,2021-11-30,1,4.601900817484464,0.2280260725869156,4.776178883623405,1,1
2021-10-31,2021-12-31,2,4.904904011835216,0.33656068299369535,5.003092995036562,1,1
2021-10-31,2022-01-31,3,5.100067523175715,0.4218931199924642,5.08856137301219,1,1
2021-10-31,2022-04-30,6,5.365503101965966,0.6144382670162414,7.468167355829425,1,1
2021-10-31,2022-10-31,12,5.494379684529035,0.8827894706927726,10.62756945038763,1,1
2021-11-30,2021-12-31,1,5.1941671194983146,0.2265003990031886,5.003092995036562,1,1
2021-11-30,2022-01-31,2,5.47070044815712,0.3350634126962025,5.08856137301219,1,1
2021-11-30,2022-02-28,3,5.655285299812773,0.42082211227630967,5.822182063523629,1,1
2021-11-30,2022-05-31,6,5.925002989730956,0.6149501102510554,8.091073475972422,1,1
2021-11-30,2022-11-30,12,6.077984356669191,0.8854714184839692,10.08027775102356,1,1
2021-12-31,2022-01-31,1,5.261037695705714,0.22474543195827865,5.08856137301219,1,1
2021-12-31,2022-02-28,2,5.447007295104262,0.3322047570162213,5.822182063523629,1,1
2021-12-31,2022-03-31,3,5.575254816361825,0.41718191917754505,7.475060615792795,1,1
2021-12-31,2022-06-30,6,5.773050942335337,0.6097760999629501,8.621579406072444,1,1
2021-12-31,2022-12-31,12,5.906881844325734,0.8782826901173044,9.234513861314865,1,1
2022-01-31,2022-02-28,1,5.622712261463242,0.22673629264469994,5.822182063523629,1,1
2022-01-31,2022-03-31,2,6.05771742795836,0.3348836458868398,7.475060615792795,1,1
2022-01-31,2022-04-30,3,6.3733013058218795,0.42088693102761554,7.468167355829425,1,1
2022-01-31,2022-07-31,6,6.878865474021686,0.6171977843688565,8.78685513009152,1,1
2022-01-31,2023-01-31,12,7.171543431924306,0.8916332859723637,8.73336437819232,1,1
2022-02-28,2022-03-31,1,6.267674272019306,0.22679072720923285,7.475060615792795,1,1
2022-02-28,2022-04-30,2,6.578801353506543,0.3345777364919017,7.468167355829425,1,1
2022-02-28,2022-05-31,3,6.8017932609068374,0.4203801847241097,8.091073475972422,1,1
2022-02-28,2022-08-31,6,7.169590430325062,0.6164307404109985,9.082089420338257,1,1
2022-02-28,2023-02-28,12,7.414016605009433,0.8906450373968379,8.538975961432428,1,1
2022-03-31,2022-04-30,1,8.426872474995449,0.23632692926324278,7.468167355829425,1,1
2022-03-31,2022-05-31,2,9.12172464754683,0.35259354509720325,8.091073475972422,1,1
2022-03-31,2022-06-30,3,9.651469929808087,0.44689914070747866,8.621579406072444,1,1
2022-03-31,2022-09-30,6,10.61877161500598,0.6661838146364718,9.939783712928074,1,1
2022-03-31,2023-03-31,12,11.320368917144624,0.9748917243287051,6.901036104912883,1,1
2022-04-30,2022-05-31,1,7.854747280663435,0.2348781491608627,8.091073475972422,1,1
2022-04-30,2022-06-30,2,8.167901771887392,0.3462209212669283,8.621579406072444,1,1
2022-04-30,2022-07-31,3,8.413413353894162,0.43599853723200804,8.78685513009152,1,1
2022-04-30,2022-10-31,6,8.882629770378374,0.6445475573874998,10.62756945038763,1,1
2022-04-30,2023-04-30,12,9.277498131848477,0.9390580455722743,6.987155290385383,1,1
2022-05-31,2022-06-30,1,8.468050364125919,0.23462526171405498,8.621579406072444,1,1
2022-05-31,2022-07-31,2,8.76532713973985,0.34561953436649734,8.78685513009152,1,1
2022-05-31,2022-08-31,3,9.002191271206744,0.4353101643815214,9.082089420338257,1,1
2022-05-31,2022-11-30,6,9.469914654250825,0.6444288561369111,10.08027775102356,1,1
2022-05-31,2023-05-31,12,9.890016640897677,0.9406697272136447,6.108900386331273,1,1
2022-06-30,2022-07-31,1,9.071058252908307,0.23394399235003344,8.78685513009152,1,1
2022-06-30,2022-08-31,2,9.43328149786651,0.34475904989960265,9.082089420338257,1,1
2022-06-30,2022-09-30,3,9.72598751852109,0.4345859120219464,9.939783712928074,1,1
2022-06-30,2022-12-31,6,10.316535362685114,0.6450475996048713,9.234513861314865,1,1
2022-06-30,2023-06-30,12,10.856476602959564,0.9444403857098644,5.512087989866932,1,1
2022-07-31,2022-08-31,1,9.233048973716867,0.2339121682491019,9.082089420338257,1,1
2022-07-31,2022-09-30,2,9.601479921958806,0.34402460323328277,9.939783712928074,1,1
2022-07-31,2022-10-31,3,9.90420123069647,0.4333428800918581,10.62756945038763,1,1
2022-07-31,2023-01-31,6,10.532677560838154,0.643399906127901,8.73336437819232,1,1
2022-07-31,2023-07-31,12,11.133971642991277,0.9436931918746596,5.141972887551227,1,1
2022-08-31,2022-09-30,1,9.444795833345266,0.23329208820755157,9.939783712928074,1,1
2022-08-31,2022-10-31,2,9.746613296940955,0.3427740135725132,10.62756945038763,1,1
2022-08-31,2022-11-30,3,9.997129064230682,0.43154154768079944,10.08027775102356,1,1
2022-08-31,2023-02-28,6,10.528137107555711,0.640491253289966,8.538975961432428,1,1
2022-08-31,2023-08-31,12,11.064004715235894,0.9397284556094986,5.085481077500664,1,1
2022-09-30,2022-10-31,1,10.458260344412315,0.23487590635391611,10.62756945038763,1,1
2022-09-30,2022-11-30,2,10.89054643562316,0.3455056603295321,10.08027775102356,1,1
2022-09-30,2022-12-31,3,11.254426173770366,0.4356100320842133,9.234513861314865,1,1
2022-09-30,2023-03-31,6,12.042817953776861,0.6492425191796074,6.901036104912883,1,1
2022-09-30,2023-09-30,12,12.852612676635568,0.9575232040176506,4.275633011404367,1,1
2022-10-31,2022-11-30,1,11.287749105651171,0.2362104722136903,10.08027775102356,1,1
2022-10-31,2022-12-31,2,11.862379787670294,0.3474144277176809,9.234513861314865,1,1
2022-10-31,2023-01-31,3,12.361140616241173,0.43837607805389517,8.73336437819232,1,1
2022-10-31,2023-04-30,6,13.500945160234153,0.6565036400657182,6.987155290385383,1,1
2022-10-31,2023-10-31,12,14.781444189849704,0.976561129849699,2.8428060024492163,1,1
2022-11-30,2022-12-31,1,10.252065482900878,0.24152690732056484,9.234513861314865,1,1
2022-11-30,2023-01-31,2,10.418951315847794,0.35393107226259307,8.73336437819232,1,1
2022-11-30,2023-02-28,3,10.563121771834258,0.4449537435685139,8.538975961432428,1,1
2022-11-30,2023-05-31,6,10.891994478048032,0.6597964010012629,6.108900386331273,1,1
2022-11-30,2023-11-30,12,11.288834104812938,0.9692181802419645,2.4577197274536333,1,1
2022-12-31,2023-01-31,1,9.114627759634082,0.24573845193210195,8.73336437819232,1,1
2022-12-31,2023-02-28,2,9.06772879163674,0.36035745686534343,8.538975961432428,1,1
2022-12-31,2023-03-31,3,9.037771772293691,0.4528956870210765,6.901036104912883,1,1
2022-12-31,2023-06-30,6,9.00261254873185,0.6707020101179149,5.512087989866932,1,1
2022-12-31,2023-12-31,12,9.065626739096448,0.9837776289261881,2.9373674027852514,1,1
2023-01-31,2023-02-28,1,8.883353654785775,0.25041580356673115,8.538975961432428,1,1
2023-01-31,2023-03-31,2,9.094629370818367,0.36751287924184806,6.901036104912883,1,1
2023-01-31,2023-04-30,3,9.28631361254233,0.4615970044229363,6.987155290385383,1,1
2023-01-31,2023-07-31,6,9.7147003412759,0.6823660143184024,5.141972887551227,1,1
2023-01-31,2024-01-31,12,10.1838361729495,0.9995712553746031,2.7492030692441998,1,1
2023-02-28,2023-03-31,1,8.64374534848636,0.25123178261103774,6.901036104912883,1,1
2023-02-28,2023-04-30,2,8.781802840649766,0.36916442295715696,6.987155290385383,1,1
2023-02-28,2023-05-31,3,8.909213567408257,0.4637574945527719,6.108900386331273,1,1
2023-02-28,2023-08-31,6,9.20378256105353,0.685542309245165,5.085481077500664,1,1
2023-02-28,2024-02-29,12,9.554095744658555,1.0043641741546538,2.549316398688384,1,1
2023-03-31,2023-04-30,1,6.507391716134095,0.2722273757753349,6.987155290385383,1,1
2023-03-31,2023-05-31,2,6.430862619315347,0.4010688365188449,6.108900386331273,1,1
2023-03-31,2023-06-30,3,6.434003479805955,0.503636951887755,5.512087989866932,1,1
2023-03-31,2023-09-30,6,6.507955563875648,0.7428155278671436,4.275633011404367,1,1
2023-03-31,2024-03-31,12,6.646516030637761,1.086509625985933,2.4305439514137994,1,1
2023-04-30,2023-05-31,1,6.939443017947492,0.2718335167137016,6.108900386331273,1,1
2023-04-30,2023-06-30,2,6.882170737119055,0.39737492399401786,5.512087989866932,1,1
2023-04-30,2023-07-31,3,6.834142340350208,0.497490294453637,5.141972887551227,1,1
2023-04-30,2023-10-31,6,6.748384100863544,0.7312354624769449,2.8428060024492163,1,1
2023-04-30,2024-04-30,12,6.732155886963438,1.0668199360215576,2.363016580409582,1,1
2023-05-31,2023-06-30,1,5.9649514598059925,0.277273116747997,5.512087989866932,1,1
2023-05-31,2023-07-31,2,5.939993011379944,0.4046038252265814,5.141972887551227,1,1
2023-05-31,2023-08-31,3,5.936396526625485,0.506041667048527,5.085481077500664,1,1
2023-05-31,2023-11-30,6,5.9494194031138,0.7427039441621845,2.4577197274536333,1,1
2023-05-31,2024-05-31,12,6.013161643024021,1.0824173037643827,2.5621513930247586,1,1
2023-06-30,2023-07-31,1,5.394040221155098,0.27892346283049274,5.141972887551227,1,1
2023-06-30,2023-08-31,2,5.370703042204698,0.4079859604712065,5.085481077500664,1,1
2023-06-30,2023-09-30,3,5.367512492295267,0.5106864297047348,4.275633011404367,1,1
2023-06-30,2023-12-31,6,5.380492916143591,0.7501919365780191,2.9373674027852514,1,1
2023-06-30,2024-06-30,12,5.436574549078941,1.094216163921362,2.5092242931773034,1,1
2023-07-31,2023-08-31,1,5.017887045258098,0.2791501551207844,5.085481077500664,1,1
2023-07-31,2023-09-30,2,4.95335348990224,0.40871569163668214,4.275633011404367,1,1
2023-07-31,2023-10-31,3,4.90882761508662,0.5118029392723297,2.8428060024492163,1,1
2023-07-31,2024-01-31,6,4.828909562345609,0.7522050877801576,2.7492030692441998,1,1
2023-07-31,2024-07-31,12,4.79273340762961,1.097590881192531,2.526648771901318,1,1
2023-08-31,2023-09-30,1,5.199578537377988,0.2807781379119802,4.275633011404367,1,1
2023-08-31,2023-10-31,2,5.333436771516428,0.4118733612170252,2.8428060024492163,1,1
2023-08-31,2023-11-30,3,5.45601254829088,0.5161258438279054,2.4577197274536333,1,1
2023-08-31,2024-02-29,6,5.73433254701565,0.7591599057865637,2.549316398688384,1,1
2023-08-31,2024-08-31,12,6.036324317437397,1.108394883416652,2.0850316395559343,1,1
2023-09-30,2023-10-31,1,4.114688530471184,0.28649234808691293,2.8428060024492163,1,1
2023-09-30,2023-11-30,2,4.112614773021494,0.4209755143292292,2.4577197274536333,1,1
2023-09-30,2023-12-31,3,4.145940679888302,0.5277333536349534,2.9373674027852514,1,1
2023-09-30,2024-03-31,6,4.252169777981413,0.7763733545110109,2.4305439514137994,1,1
2023-09-30,2024-09-30,12,4.387632699960257,1.1340116697667597,1.7239707315212405,1,1
2023-10-31,2023-11-30,1,2.280803079670145,0.29925533826413875,2.4577197274536333,1,1
2023-10-31,2023-12-31,2,2.0294510166778634,0.44465198351492785,2.9373674027852514,1,1
2023-10-31,2024-01-31,3,1.8937695616569927,0.5600998481178816,2.7492030692441998,1,1
2023-10-31,2024-04-30,6,1.6859394777249064,0.8286128660011816,2.363016580409582,1,1
2023-10-31,2024-10-31,12,1.5064779742104406,1.2154639054216916,2.0044370343696327,1,1
2023-11-30,2023-12-31,1,2.2444226510148795,0.2975400462510585,2.9373674027852514,1,1
2023-11-30,2024-01-31,2,2.0994468250420666,0.4407832045687365,2.7492030692441998,1,1
2023-11-30,2024-02-29,3,1.9875362477503422,0.554491602047958,2.549316398688384,1,1
2023-11-30,2024-05-31,6,1.7529765447491426,0.8191220272241808,2.5621513930247586,1,1
2023-11-30,2024-11-30,12,1.5204395038432033,1.2004029198220985,2.2688331609289847,1,1
2023-12-31,2024-01-31,1,3.1065942339263475,0.30020050053833636,2.7492030692441998,1,1
2023-12-31,2024-02-29,2,3.1730558678581997,0.4448365188147536,2.549316398688384,1,1
2023-12-31,2024-03-31,3,3.204741512214646,0.5596229080027527,2.4305439514137994,1,1
2023-12-31,2024-06-30,6,3.2502693758287853,0.8266660593148789,2.5092242931773034,1,1
2023-12-31,2024-12-31,12,3.3008313030119183,1.2113262918712637,2.452305236500618,1,1
2024-01-31,2024-02-29,1,2.623928886199536,0.3001596716057126,2.549316398688384,1,1
2024-01-31,2024-03-31,2,2.5283785630791002,0.4445875188029854,2.4305439514137994,1,1
2024-01-31,2024-04-30,3,2.4505278759974183,0.559242920089655,2.363016580409582,1,1
2024-01-31,2024-07-31,6,2.2835127223311487,0.8261217125231883,2.526648771901318,1,1
2024-01-31,2025-01-31,12,2.1212553477322604,1.2106968317321463,2.480798045620891,1,1
2024-02-29,2024-03-31,1,2.5375686376450637,0.30105838458409295,2.4305439514137994,1,1
2024-02-29,2024-04-30,2,2.580109164919748,0.44628223774039544,2.363016580409582,1,1
2024-02-29,2024-05-31,3,2.634073977864746,0.5615684050826779,2.5621513930247586,1,1
2024-02-29,2024-08-31,6,2.7744850046243874,0.8297986691516106,2.0850316395559343,1,1
2024-02-29,2025-02-28,12,2.9305908830666887,1.2161045172708131,2.296153788994149,1,1
2024-03-31,2024-04-30,1,2.4059851804080044,0.3010850820589379,2.363016580409582,1,1
2024-03-31,2024-05-31,2,2.4107191026658845,0.4465380934918826,2.5621513930247586,1,1
2024-03-31,2024-06-30,3,2.4235095492543093,0.5620263782033489,2.5092242931773034,1,1
2024-03-31,2024-09-30,6,2.462748395356665,0.8307429937012079,1.7239707315212405,1,1
2024-03-31,2025-03-31,12,2.511249605638982,1.2177798624965652,2.165430114500544,1,1
2024-04-30,2024-05-31,1,2.3892853177185427,0.30130115997809626,2.5621513930247586,1,1
2024-04-30,2024-06-30,2,2.440189599161447,0.4470715878537177,2.5092242931773034,1,1
2024-04-30,2024-07-31,3,2.493533315464746,0.5628266299130689,2.526648771901318,1,1
2024-04-30,2024-10-31,6,2.624135671521783,0.8321805174175486,2.0044370343696327,1,1
2024-04-30,2025-04-30,12,2.766699268874963,1.2202046107180962,2.1456015912167503,1,1
2024-05-31,2024-06-30,1,2.420652955537036,0.30218632076293533,2.5092242931773034,1,1
2024-05-31,2024-07-31,2,2.1993416681291516,0.4477323546302176,2.526648771901318,1,1
2024-05-31,2024-08-31,3,1.9780447158455114,0.5632923820014293,2.0850316395559343,1,1
2024-05-31,2024-11-30,6,1.4566249962873976,0.8321520503346529,2.2688331609289847,1,1
2024-06-30,2024-07-31,1,2.509019336750705,0.3043411246594581,2.526648771901318,1,1
2024-06-30,2024-08-31,2,2.5237204295349476,0.4513248196236753,2.0850316395559343,1,1
2024-06-30,2024-09-30,3,2.541273897077134,0.5679705115811557,1.7239707315212405,1,1
2024-06-30,2024-12-31,6,2.5862962242518903,0.8387937726488768,2.452305236500618,1,1
2024-07-31,2024-08-31,1,2.5702803858162113,0.3034315597912764,2.0850316395559343,1,1
2024-07-31,2024-09-30,2,2.6168872014193543,0.4498819504254889,1.7239707315212405,1,1
2024-07-31,2024-10-31,3,2.6597294040620545,0.5660988167940874,2.0044370343696327,1,1
2024-07-31,2025-01-31,6,2.757772896032604,0.8359353870282141,2.480798045620891,1,1
2024-08-31,2024-09-30,1,1.9455760931309145,0.30421881832190045,1.7239707315212405,1,1
2024-08-31,2024-10-31,2,1.9050063851782548,0.4512386596559697,2.0044370343696327,1,1
2024-08-31,2024-11-30,3,1.8963227476873317,0.5679049500627161,2.2688331609289847,1,1
2024-08-31,2025-02-28,6,1.9057365046764738,0.8387291437125153,2.296153788994149,1,1
2024-09-30,2024-10-31,1,1.6201377791914402,0.30254834158587046,2.0044370343696327,1,1
2024-09-30,2024-11-30,2,1.5988027101140632,0.4487064794098337,2.2688331609289847,1,1
2024-09-30,2024-12-31,3,1.602652057000404,0.5646538391259298,2.452305236500618,1,1
2024-09-30,2025-03-31,6,1.6343270034589152,0.8337215694469977,2.165430114500544,1,1
2024-10-31,2024-11-30,1,2.1509436618999223,0.3043065874014195,2.2688331609289847,1,1
2024-10-31,2024-12-31,2,2.244934309164556,0.45143016161039556,2.452305236500618,1,1
2024-10-31,2025-01-31,3,2.3146242679250877,0.5681892482893384,2.480798045620891,1,1
2024-10-31,2025-04-30,6,2.455494317152441,0.8392740181262155,2.1456015912167503,1,1
2024-11-30,2024-12-31,1,2.242509444359279,0.3028948252805925,2.452305236500618,1,1
2024-11-30,2025-01-31,2,2.139792655655857,0.4485996886572607,2.480798045620891,1,1
2024-11-30,2025-02-28,3,2.0271697736080148,0.5640899377136523,2.296153788994149,1,1
2024-12-31,2025-01-31,1,2.5393443759501344,0.30289402863257486,2.480798045620891,1,1
2024-12-31,2025-02-28,2,2.5908769225982735,0.44880200471555404,2.296153788994149,1,1
2024-12-31,2025-03-31,3,2.6273773684368873,0.5644393821591749,2.165430114500544,1,1
2025-01-31,2025-02-28,1,2.4581023269206566,0.30291497692712555,2.296153788994149,1,1
2025-01-31,2025-03-31,2,2.423708658500782,0.4492197379693253,2.165430114500544,1,1
2025-01-31,2025-04-30,3,2.3898699778040906,0.5652122829914453,2.1456015912167503,1,1
2025-02-28,2025-03-31,1,2.20023552095295,0.30183919129706605,2.165430114500544,1,1
2025-02-28,2025-04-30,2,2.1391187041992925,0.447414090880104,2.1456015912167503,1,1
2025-03-31,2025-04-30,1,2.04776841785932,0.3017441030884323,2.1456015912167503,1,1
