cutoff,target_time,horizon_step,prediction,h_step_sd,y_true
2010-08-31,2010-09-30,1,1.6620160133026691,0.2700620403823211,1.764018510864207
2010-08-31,2010-10-31,2,1.6526536374724186,0.36668335648773037,1.9248406949512464
2010-08-31,2010-11-30,3,1.60151215119684,0.44068458333238664,1.9058280123447344
2010-08-31,2011-02-28,6,1.5247051652264776,0.5033388979653456,2.609852934503376
2010-08-31,2011-08-31,12,1.425632835045778,0.5587425918186448,2.753747291211628
2010-09-30,2010-10-31,1,1.7628982462559688,0.2601275714045886,1.9248406949512464
2010-09-30,2010-11-30,2,1.7408043407413654,0.35843713486786094,1.9058280123447344
2010-09-30,2010-12-31,3,1.6490471553366097,0.4329241688685269,2.2023205218023145
2010-09-30,2011-03-31,6,1.44566381642724,0.4958974398906981,2.63127617196548
2010-09-30,2011-09-30,12,1.2077019914465286,0.5516410652636109,2.8731837256162684
2010-10-31,2010-11-30,1,2.125046668299725,0.2659734553568954,1.9058280123447344
2010-10-31,2010-12-31,2,2.0161097653554165,0.36380478014549433,2.2023205218023145
2010-10-31,2011-01-31,3,1.8594665502059797,0.43743132838976656,2.4208800334111658
2010-10-31,2011-04-30,6,1.6368095169651407,0.4997646061192903,2.6506902297918744
2010-10-31,2011-10-31,12,1.4024681383141968,0.5548142286298604,2.954160481596535
2010-11-30,2010-12-31,1,2.155620788003829,0.27398185012287596,2.2023205218023145
2010-11-30,2011-01-31,2,2.273844096529478,0.3694758188629347,2.4208800334111658
2010-11-30,2011-02-28,3,2.295153592165219,0.44296192033487475,2.609852934503376
2010-11-30,2011-05-31,6,2.2821726604512595,0.5054570563643298,2.6513738871934533
2010-11-30,2011-11-30,12,2.249041929941616,0.5609658821757256,2.9713191578955023
2010-12-31,2011-01-31,1,2.4301337992833907,0.26457021505143125,2.4208800334111658
2010-12-31,2011-02-28,2,2.5422342991256635,0.3645001228803269,2.609852934503376
2010-12-31,2011-03-31,3,2.5520038166418244,0.439009255949077,2.63127617196548
2010-12-31,2011-06-30,6,2.487313725101604,0.5017912759305333,2.593861143013876
2010-12-31,2011-12-31,12,2.4225623814531727,0.557302671219046,2.727659597539533
2011-01-31,2011-02-28,1,2.7938756366278152,0.26055802624921315,2.609852934503376
2011-01-31,2011-03-31,2,3.0026908645219983,0.3593163630029382,2.63127617196548
2011-01-31,2011-04-30,3,3.114440917956719,0.4337721063868042,2.6506902297918744
2011-01-31,2011-07-31,6,3.2490268351055476,0.4963459385807967,2.684959573070178
2011-01-31,2012-01-31,12,3.3482311622897303,0.5516987656087374,2.6688553923178704
2011-02-28,2011-03-31,1,2.6409963952158133,0.25974070013080913,2.63127617196548
2011-02-28,2011-04-30,2,2.7408637458026126,0.3595313367209381,2.6506902297918744
2011-02-28,2011-05-31,3,2.756425435820227,0.43576198648731834,2.6513738871934533
2011-02-28,2011-08-31,6,2.723887592155293,0.4999479321073344,2.753747291211628
2011-02-28,2012-02-29,12,2.6726430290250476,0.5566855103438415,2.7444374609818745
2011-03-31,2011-04-30,1,2.6380009767962505,0.28456288178310113,2.6506902297918744
2011-03-31,2011-05-31,2,2.636979683013636,0.38277365893956466,2.6513738871934533
2011-03-31,2011-06-30,3,2.6368559614650233,0.45745808026878026,2.593861143013876
2011-03-31,2011-09-30,6,2.5899563063006226,0.5205789259282844,2.8731837256162684
2011-03-31,2012-03-31,12,2.538323712865795,0.5765688687343179,2.7032415973407664
2011-04-30,2011-05-31,1,2.7961738764249273,0.26441202674579756,2.6513738871934533
2011-04-30,2011-06-30,2,2.9329293150833062,0.3657634904181448,2.593861143013876
2011-04-30,2011-07-31,3,3.0450277359487035,0.44258950195883473,2.684959573070178
2011-04-30,2011-10-31,6,3.184626707110091,0.5071750659375555,2.954160481596535
2011-04-30,2012-04-30,12,3.287544859672565,0.5642150935373,2.6009696811680083
2011-05-31,2011-06-30,1,2.499330521122513,0.2689976308810979,2.593861143013876
2011-05-31,2011-07-31,2,2.5006558177029987,0.3687094888489783,2.684959573070178
2011-05-31,2011-08-31,3,2.5155649439777403,0.44447694465606075,2.753747291211628
2011-05-31,2011-11-30,6,2.474449057492218,0.5080955032408533,2.9713191578955023
2011-05-31,2012-05-31,12,2.424429499737793,0.5643848462984462,2.433443351247244
2011-06-30,2011-07-31,1,2.6787333795242136,0.2575066288533868,2.684959573070178
2011-06-30,2011-08-31,2,2.632677828202877,0.3561675274823125,2.753747291211628
2011-06-30,2011-09-30,3,2.6165668332643883,0.4318606690343991,2.8731837256162684
2011-06-30,2011-12-31,6,2.592172044153754,0.4959738300910849,2.727659597539533
2011-06-30,2012-06-30,12,2.5478302573623632,0.5526485288517718,2.405633434117349
2011-07-31,2011-08-31,1,2.8406737073456667,0.2593808342620859,2.753747291211628
2011-07-31,2011-09-30,2,3.0068899369143685,0.35777014996589335,2.8731837256162684
2011-07-31,2011-10-31,3,3.07519248443327,0.4333581160060296,2.954160481596535
2011-07-31,2012-01-31,6,3.141136290889513,0.497290968343575,2.6688553923178704
2011-07-31,2012-07-31,12,3.1873073521177444,0.5538108588960854,2.375417033291738
2011-08-31,2011-09-30,1,2.5925944279319695,0.25935756097812496,2.8731837256162684
2011-08-31,2011-10-31,2,2.532312898994821,0.3583469077894509,2.954160481596535
2011-08-31,2011-11-30,3,2.49218265358621,0.43420253895769834,2.9713191578955023
2011-08-31,2012-02-29,6,2.4270227570490377,0.49838418155961317,2.7444374609818745
2011-08-31,2012-08-31,12,2.348571425426509,0.5551320134114774,2.5657184189926907
2011-09-30,2011-10-31,1,3.021930272900744,0.25669907047123675,2.954160481596535
2011-09-30,2011-11-30,2,3.1524950911474923,0.35724656335757626,2.9713191578955023
2011-09-30,2011-12-31,3,3.2158245903519806,0.43401091846016565,2.727659597539533
2011-09-30,2012-03-31,6,3.296424654214785,0.49883282721071287,2.7032415973407664
2011-09-30,2012-09-30,12,3.36487767522648,0.5560918169843656,2.616505079170328
2011-10-31,2011-11-30,1,2.9732127326672493,0.26294559632324976,2.9713191578955023
2011-10-31,2011-12-31,2,2.969002427267172,0.3628387714730676,2.727659597539533
2011-10-31,2012-01-31,3,3.016450139803971,0.4385350561151688,2.6688553923178704
2011-10-31,2012-04-30,6,3.101403456215645,0.5022065174527535,2.6009696811680083
2011-10-31,2012-10-31,12,3.1559117113813673,0.5584641309725513,2.5106405815373822
2011-11-30,2011-12-31,1,3.081097869441595,0.26885650775600956,2.727659597539533
2011-11-30,2012-01-31,2,3.0531948852193156,0.3640180422591115,2.6688553923178704
2011-11-30,2012-02-29,3,3.117749331583272,0.4378673649786699,2.7444374609818745
2011-11-30,2012-05-31,6,3.18621709984521,0.5006108104444291,2.433443351247244
2011-11-30,2012-11-30,12,3.234471171435994,0.5562569800747499,2.213224948968251
2011-12-31,2012-01-31,1,2.868177732669445,0.27354987499939,2.6688553923178704
2011-12-31,2012-02-29,2,2.9374080545709984,0.36899147923937187,2.7444374609818745
2011-12-31,2012-03-31,3,3.0423451314644296,0.44243060879015444,2.7032415973407664
2011-12-31,2012-06-30,6,3.185223475722183,0.5044491361106844,2.405633434117349
2011-12-31,2012-12-31,12,3.2943938417496326,0.5594854123449354,2.215083701177223
2012-01-31,2012-02-29,1,2.6876174533622863,0.28546086930888326,2.7444374609818745
2012-01-31,2012-03-31,2,2.80602334793188,0.3783263357249827,2.7032415973407664
2012-01-31,2012-04-30,3,2.950994310555305,0.4499730164236764,2.6009696811680083
2012-01-31,2012-07-31,6,3.1779247120969916,0.510826839004319,2.375417033291738
2012-01-31,2013-01-31,12,3.3991460211255227,0.5649386662163893,1.9952990939618556
2012-02-29,2012-03-31,1,2.928358187350297,0.25924069688516066,2.7032415973407664
2012-02-29,2012-04-30,2,3.1255898217784175,0.3569019894099496,2.6009696811680083
2012-02-29,2012-05-31,3,3.230547390107275,0.4307903880550747,2.433443351247244
2012-02-29,2012-08-31,6,3.431576824586762,0.4932120728515182,2.5657184189926907
2012-02-29,2013-02-28,12,3.6390897053849307,0.5484467901668464,1.8371318386398272
2012-03-31,2012-04-30,1,2.868807601960346,0.2660854205426453,2.6009696811680083
2012-03-31,2012-05-31,2,2.949855979578834,0.36186378774773004,2.433443351247244
2012-03-31,2012-06-30,3,3.007858299159908,0.4345587052995995,2.405633434117349
2012-03-31,2012-09-30,6,3.17104569184222,0.49610928072710564,2.616505079170328
2012-03-31,2013-03-31,12,3.36471756762643,0.5506835824105689,1.6562352421727544
2012-04-30,2012-05-31,1,2.7454068171666397,0.25773649452094827,2.433443351247244
2012-04-30,2012-06-30,2,2.8312457633740618,0.35167766407777135,2.405633434117349
2012-04-30,2012-07-31,3,2.8955011572399294,0.4247678552185159,2.375417033291738
2012-04-30,2012-10-31,6,3.0052094343185156,0.48675629908984536,2.5106405815373822
2012-04-30,2013-04-30,12,3.136305767895753,0.5416180133886964,1.3008445960438486
2012-05-31,2012-06-30,1,2.4049201293795237,0.24685453590730327,2.405633434117349
2012-05-31,2012-07-31,2,2.4701071615491994,0.3431013475000127,2.375417033291738
2012-05-31,2012-08-31,3,2.499164952119429,0.4168467995669254,2.5657184189926907
2012-05-31,2012-11-30,6,2.493147355072653,0.47919650801732416,2.213224948968251
2012-05-31,2013-05-31,12,2.5069354005139632,0.5342779866392959,1.4426323570022603
2012-06-30,2012-07-31,1,2.4155095125729815,0.24032145878383704,2.375417033291738
2012-06-30,2012-08-31,2,2.3783421268141898,0.33655278116334486,2.5657184189926907
2012-06-30,2012-09-30,3,2.3462915938000592,0.41049194971922587,2.616505079170328
2012-06-30,2012-12-31,6,2.305835017308861,0.47295731202861063,2.215083701177223
2012-06-30,2013-06-30,12,2.2843565013746256,0.5280715513255821,1.5971179973222505
2012-07-31,2012-08-31,1,2.4097197696453656,0.24892935951970752,2.5657184189926907
2012-07-31,2012-09-30,2,2.278303662780864,0.34329492959025637,2.616505079170328
2012-07-31,2012-10-31,3,2.2157227172090157,0.41552241269380485,2.5106405815373822
2012-07-31,2013-01-31,6,2.173042719110819,0.4767737467395032,1.9952990939618556
2012-07-31,2013-07-31,12,2.132231488220715,0.5309617991563981,1.5495402684960968
2012-08-31,2012-09-30,1,2.379679143771506,0.25892117763018324,2.616505079170328
2012-08-31,2012-10-31,2,2.412854187613973,0.3515691049899901,2.5106405815373822
2012-08-31,2012-11-30,3,2.3936650791771097,0.42222105248201114,2.213224948968251
2012-08-31,2013-02-28,6,2.276978946832484,0.4821428104179412,1.8371318386398272
2012-08-31,2013-08-31,12,2.1917140921546907,0.5353073044198527,1.2681318220913784
2012-09-30,2012-10-31,1,2.574019993767148,0.24361657091872643,2.5106405815373822
2012-09-30,2012-11-30,2,2.503364594200631,0.33873728254666796,2.213224948968251
2012-09-30,2012-12-31,3,2.4461894935276276,0.41148049843751056,2.215083701177223
2012-09-30,2013-03-31,6,2.3567908006206535,0.4729407460976009,1.6562352421727544
2012-09-30,2013-09-30,12,2.290176892969816,0.5272159836333351,1.0646121693895338
2012-10-31,2012-11-30,1,2.4471627546216155,0.25249507743919286,2.213224948968251
2012-10-31,2012-12-31,2,2.3678001712095815,0.3445365273510172,2.215083701177223
2012-10-31,2013-01-31,3,2.3342141177548097,0.41553703419776405,1.9952990939618556
2012-10-31,2013-04-30,6,2.26050475707417,0.4759228455807384,1.3008445960438486
2012-10-31,2013-10-31,12,2.205893587104973,0.5294343203595777,0.7358612518268526
2012-11-30,2012-12-31,1,2.2373426772366156,0.24591455763940756,2.215083701177223
2012-11-30,2013-01-31,2,2.1209992785591316,0.340069364347686,1.9952990939618556
2012-11-30,2013-02-28,3,2.090839364872009,0.41129178629252144,1.8371318386398272
2012-11-30,2013-05-31,6,2.0866599314448635,0.47158821915578847,1.4426323570022603
2012-11-30,2013-11-30,12,2.0795801207818028,0.524972655758713,0.8245782256382617
2012-12-31,2013-01-31,1,2.0569983914444374,0.24286355163778478,1.9952990939618556
2012-12-31,2013-02-28,2,1.9996287306376863,0.33699985513723163,1.8371318386398272
2012-12-31,2013-03-31,3,1.9564075738471374,0.40887198538109953,1.6562352421727544
2012-12-31,2013-06-30,6,1.8664511484401314,0.46967010859037284,1.5971179973222505
2012-12-31,2013-12-31,12,1.7987115779039924,0.5234009629677682,0.9204412099854008
2013-01-31,2013-02-28,1,1.9018072205091374,0.25120742824144054,1.8371318386398272
2013-01-31,2013-03-31,2,1.886563886375058,0.34382904660131747,1.6562352421727544
2013-01-31,2013-04-30,3,1.9033594834487322,0.4141065573834135,1.3008445960438486
2013-01-31,2013-07-31,6,1.8966162093320278,0.47374811346453716,1.5495402684960968
2013-01-31,2014-01-31,12,1.901558542588029,0.5265923696483822,0.7754940917477526
2013-02-28,2013-03-31,1,1.93016398538297,0.23762484646190202,1.6562352421727544
2013-02-28,2013-04-30,2,2.0885953957687295,0.3313983511321766,1.3008445960438486
2013-02-28,2013-05-31,3,2.1647184837394815,0.4031973736854165,1.4426323570022603
2013-02-28,2013-08-31,6,2.245722761569338,0.4638180420127837,1.2681318220913784
2013-02-28,2014-02-28,12,2.330178630400141,0.5173397797204361,0.7071170161096374
2013-03-31,2013-04-30,1,1.5822600725819218,0.24050721300982938,1.3008445960438486
2013-03-31,2013-05-31,2,1.6908981973691284,0.33379565006932554,1.4426323570022603
2013-03-31,2013-06-30,3,1.750434332435141,0.4048398536690036,1.5971179973222505
2013-03-31,2013-09-30,6,1.7796760097661286,0.46485516596514936,1.0646121693895338
2013-03-31,2014-03-31,12,1.8133895728092513,0.517899685451671,0.5383897583259634
2013-04-30,2013-05-31,1,1.1632740791426426,0.23811319402352005,1.4426323570022603
2013-04-30,2013-06-30,2,1.0736715529493948,0.3302007720328567,1.5971179973222505
2013-04-30,2013-07-31,3,1.0469477834445884,0.4010170550340751,1.5495402684960968
2013-04-30,2013-10-31,6,0.9760676215322432,0.4609887640463185,0.7358612518268526
2013-04-30,2014-04-30,12,0.900994817510255,0.5139620067171194,0.6594523656700435
2013-05-31,2013-06-30,1,1.4544225941994289,0.23210775157022415,1.5971179973222505
2013-05-31,2013-07-31,2,1.4497470834694204,0.32478464991911504,1.5495402684960968
2013-05-31,2013-08-31,3,1.4287229024600328,0.3958217765351753,1.2681318220913784
2013-05-31,2013-11-30,6,1.3743107767237024,0.4558168062251936,0.8245782256382617
2013-05-31,2014-05-31,12,1.332472762513226,0.5087450885258789,0.5314404435762254
2013-06-30,2013-07-31,1,1.5286587184842644,0.2323206651883058,1.5495402684960968
2013-06-30,2013-08-31,2,1.5112716818582956,0.3250398435145234,1.2681318220913784
2013-06-30,2013-09-30,3,1.459001349992103,0.3956021662350838,1.0646121693895338
2013-06-30,2013-12-31,6,1.3432032913810434,0.45518741883227576,0.9204412099854008
2013-06-30,2014-06-30,12,1.2450598468461302,0.5077517207050454,0.4726218495818557
2013-07-31,2013-08-31,1,1.623147608635599,0.2419610182442372,1.2681318220913784
2013-07-31,2013-09-30,2,1.5972503764302963,0.332178901802947,1.0646121693895338
2013-07-31,2013-10-31,3,1.5750969805965442,0.4009578372789871,0.7358612518268526
2013-07-31,2014-01-31,6,1.5299762277575695,0.4592545992108281,0.7754940917477526
2013-07-31,2014-07-31,12,1.4889745438107873,0.5108577281473528,0.3214051875798152
2013-08-31,2013-09-30,1,1.3591702992770718,0.23597662623659973,1.0646121693895338
2013-08-31,2013-10-31,2,1.447784880960294,0.3262523160081009,0.7358612518268526
2013-08-31,2013-11-30,3,1.4955652835368491,0.3953679356454825,0.8245782256382617
2013-08-31,2014-02-28,6,1.5473968196523908,0.45386353561205756,0.7071170161096374
2013-08-31,2014-08-31,12,1.593123434059791,0.5055799621539223,0.2919450167707893
2013-09-30,2013-10-31,1,0.9566441253309277,0.23543612469223682,0.7358612518268526
2013-09-30,2013-11-30,2,1.0174454685928163,0.32496222535927455,0.8245782256382617
2013-09-30,2013-12-31,3,1.0687295077936223,0.39369322583224625,0.9204412099854008
2013-09-30,2014-03-31,6,1.099834113283052,0.4518119665706525,0.5383897583259634
2013-09-30,2014-09-30,12,1.1170655510613718,0.5032209686566976,0.3289164401325317
2013-10-31,2013-11-30,1,0.6316869471599057,0.22846900540280896,0.8245782256382617
2013-10-31,2013-12-31,2,0.666275644971196,0.31897962213640446,0.9204412099854008
2013-10-31,2014-01-31,3,0.6879404133670851,0.38824833631358857,0.7754940917477526
2013-10-31,2014-04-30,6,0.6741706343155497,0.44666952539947385,0.6594523656700435
2013-10-31,2014-10-31,12,0.6494646303702337,0.49819816059693306,0.391921210055357
2013-11-30,2013-12-31,1,0.8246116422800653,0.22761302551252768,0.9204412099854008
2013-11-30,2014-01-31,2,0.8734511978357075,0.317952060102284,0.7754940917477526
2013-11-30,2014-02-28,3,0.8749728675352434,0.3871858106323725,0.7071170161096374
2013-11-30,2014-05-31,6,0.8267543240925475,0.4455237924007175,0.5314404435762254
2013-11-30,2014-11-30,12,0.7814332306481433,0.4970105578459013,0.3128755594727472
2013-12-31,2014-01-31,1,0.9475163834071312,0.22729057127706562,0.7754940917477526
2013-12-31,2014-02-28,2,0.9807862313923149,0.3166612854442583,0.7071170161096374
2013-12-31,2014-03-31,3,0.9606212368220054,0.38520767700420216,0.5383897583259634
2013-12-31,2014-06-30,6,0.9310619086473266,0.44317133689505045,0.4726218495818557
2013-12-31,2014-12-31,12,0.9050230538870012,0.4943607804809473,-0.1645561848566901
2014-01-31,2014-02-28,1,0.6797512596486626,0.231176902504068,0.7071170161096374
2014-01-31,2014-03-31,2,0.7253933922544804,0.32066807333854624,0.5383897583259634
2014-01-31,2014-04-30,3,0.7460125094066166,0.38882833415938445,0.6594523656700435
2014-01-31,2014-07-31,6,0.758829005992447,0.44645695771348615,0.3214051875798152
2014-01-31,2015-01-31,12,0.7716420833694659,0.49740246645404695,-0.3979690587676776
2014-02-28,2014-03-31,1,0.6414292448791437,0.2277805630327546,0.5383897583259634
2014-02-28,2014-04-30,2,0.5987922966508235,0.31612722464563286,0.6594523656700435
2014-02-28,2014-05-31,3,0.577784101928456,0.3843057146562542,0.5314404435762254
2014-02-28,2014-08-31,6,0.5246220149436399,0.4419899989938546,0.2919450167707893
2014-02-28,2015-02-28,12,0.4772781909795454,0.49295011800627986,-0.1060124185976119
2014-03-31,2014-04-30,1,0.460928943478146,0.2287092038689202,0.6594523656700435
2014-03-31,2014-05-31,2,0.4455408198253822,0.31729139155446445,0.5314404435762254
2014-03-31,2014-06-30,3,0.4105783886782029,0.38506690502070323,0.4726218495818557
2014-03-31,2014-09-30,6,0.3109012955737228,0.44239077194211346,0.3289164401325317
2014-03-31,2015-03-31,12,0.21052281927708333,0.4930302298491398,0.1171602378150504
2014-04-30,2014-05-31,1,0.48093922307763537,0.23796471182569345,0.5314404435762254
2014-04-30,2014-06-30,2,0.4202816575531592,0.3250939626445851,0.4726218495818557
2014-04-30,2014-07-31,3,0.3409133145760809,0.3922777649801549,0.3214051875798152
2014-04-30,2014-10-31,6,0.1451668862281701,0.4491487681225705,0.391921210055357
2014-04-30,2015-04-30,12,-0.04945786145462239,0.49947580277085535,0.184184217071337
2014-05-31,2014-06-30,1,0.6728963175957896,0.22929506992833742,0.4726218495818557
2014-05-31,2014-07-31,2,0.7875442714171217,0.3192686561372743,0.3214051875798152
2014-05-31,2014-08-31,3,0.7774849514184439,0.38796886089095955,0.2919450167707893
2014-05-31,2014-11-30,6,0.7158731422897058,0.44565670051152667,0.3128755594727472
2014-05-31,2015-05-31,12,0.6577804286443153,0.4965479560947364,0.4639870888456965
2014-06-30,2014-07-31,1,0.566208409933642,0.22972294634608295,0.3214051875798152
2014-06-30,2014-08-31,2,0.5511067865524252,0.31785243044438455,0.2919450167707893
2014-06-30,2014-09-30,3,0.5308081093743819,0.3854613730021782,0.3289164401325317
2014-06-30,2014-12-31,6,0.504026393361831,0.4427575356740602,-0.1645561848566901
2014-06-30,2015-06-30,12,0.4702959898415494,0.4934162347628103,0.4247311084759841
2014-07-31,2014-08-31,1,0.2647137207046119,0.22583883950808753,0.2919450167707893
2014-07-31,2014-09-30,2,0.2763061636496052,0.3145349870086516,0.3289164401325317
2014-07-31,2014-10-31,3,0.27824473996304777,0.38249609720988104,0.391921210055357
2014-07-31,2015-01-31,6,0.25371402481705657,0.43988705950647883,-0.3979690587676776
2014-07-31,2015-07-31,12,0.2147046400973644,0.4905734724730986,0.3228594809047802
2014-08-31,2014-09-30,1,0.2156029224868953,0.22507620968582856,0.3289164401325317
2014-08-31,2014-10-31,2,0.14606230510063686,0.31330577561813194,0.391921210055357
2014-08-31,2014-11-30,3,0.1023281385766377,0.3813325645560691,0.3128755594727472
2014-08-31,2015-02-28,6,0.030402384689300732,0.43886227102431347,-0.1060124185976119
2014-08-31,2015-08-31,12,-0.05007684877205981,0.48965567649957764,0.2164415258942398
2014-09-30,2014-10-31,1,0.25817629952079985,0.2236754002316026,0.391921210055357
2014-09-30,2014-11-30,2,0.18509249114664933,0.31186900077926,0.3128755594727472
2014-09-30,2014-12-31,3,0.14992728039866104,0.3797111237026011,-0.1645561848566901
2014-09-30,2015-03-31,6,0.07778416366613788,0.4370976418224614,0.1171602378150504
2014-09-30,2015-09-30,12,-0.009153789020611702,0.4877645451558501,0.0417461283316544
2014-10-31,2014-11-30,1,0.24286983902130807,0.22727316343712778,0.3128755594727472
2014-10-31,2014-12-31,2,0.13439925443119471,0.3158857168973511,-0.1645561848566901
2014-10-31,2015-01-31,3,0.04783022296094869,0.38367438253989977,-0.3979690587676776
2014-10-31,2015-04-30,6,-0.13486021927099773,0.4409299326861774,0.184184217071337
2014-10-31,2015-10-31,12,-0.3232377635332229,0.49148987475450934,0.2443136498637033
2014-11-30,2014-12-31,1,0.4490086694543331,0.22339380124316144,-0.1645561848566901
2014-11-30,2015-01-31,2,0.5080882064811763,0.3124507090868508,-0.3979690587676776
2014-11-30,2015-02-28,3,0.4845176135644844,0.38060831742024415,-0.1060124185976119
2014-11-30,2015-05-31,6,0.45198085388827114,0.43810274331179544,0.4639870888456965
2014-11-30,2015-11-30,12,0.4166638043871891,0.4888564511619675,0.3452048063554702
2014-12-31,2015-01-31,1,-0.2074101040826523,0.22871515080383742,-0.3979690587676776
2014-12-31,2015-02-28,2,-0.2252311472869204,0.31637705006554445,-0.1060124185976119
2014-12-31,2015-03-31,3,-0.2461089475244565,0.38354472323753874,0.1171602378150504
2014-12-31,2015-06-30,6,-0.29438303744904615,0.44027679654944735,0.4247311084759841
2014-12-31,2015-12-31,12,-0.36525835763402315,0.4904101311951727,0.4299299581445037
2015-01-31,2015-02-28,1,-0.527788666279011,0.22319162934794304,-0.1060124185976119
2015-01-31,2015-03-31,2,-0.5968202421279369,0.3109011969869468,0.1171602378150504
2015-01-31,2015-04-30,3,-0.6537761398558275,0.3782900409111484,0.184184217071337
2015-01-31,2015-07-31,6,-0.7557024105127934,0.4352718807351895,0.3228594809047802
2015-01-31,2016-01-31,12,-0.8692676418717524,0.48558429287696037,0.3277564717789172
2015-02-28,2015-03-31,1,-0.2364318015316514,0.2261404052766322,0.1171602378150504
2015-02-28,2015-04-30,2,-0.24825188554328695,0.3125006380433531,0.184184217071337
2015-02-28,2015-05-31,3,-0.26955471535858594,0.379155013694645,0.4639870888456965
2015-02-28,2015-08-31,6,-0.34330246695509326,0.4355640151595633,0.2164415258942398
2015-02-28,2016-02-29,12,-0.4324914919059396,0.4854383326675029,-0.1115595149858372
2015-03-31,2015-04-30,1,0.09164576655543395,0.22304127103335228,0.184184217071337
2015-03-31,2015-05-31,2,0.11452477388262923,0.31066679055470986,0.4639870888456965
2015-03-31,2015-06-30,3,0.07515041550859207,0.37741507536431995,0.4247311084759841
2015-03-31,2015-09-30,6,-0.03933895418594503,0.4336974253314397,0.0417461283316544
2015-03-31,2016-03-31,12,-0.14970114766250414,0.4833995917678759,-0.0805872491818293
2015-04-30,2015-05-31,1,0.3235658661853287,0.22700344994554003,0.4639870888456965
2015-04-30,2015-06-30,2,0.4278616494925408,0.3132714168802755,0.4247311084759841
2015-04-30,2015-07-31,3,0.43279661285197857,0.3794471340489153,0.3228594809047802
2015-04-30,2015-10-31,6,0.42408416336332955,0.4352423257687509,0.2443136498637033
2015-04-30,2016-04-30,12,0.4029073377032758,0.48457004340361953,-0.1842355295324171
2015-05-31,2015-06-30,1,0.5201025842029173,0.22377830500299628,0.4247311084759841
2015-05-31,2015-07-31,2,0.5437289984313164,0.30964888479283303,0.3228594809047802
2015-05-31,2015-08-31,3,0.558971230847029,0.37608413519383327,0.2164415258942398
2015-05-31,2015-11-30,6,0.5307522037966504,0.432344905108529,0.3452048063554702
2015-05-31,2016-05-31,12,0.47662586024115255,0.48206676175638447,-0.1310160193004339
2015-06-30,2015-07-31,1,0.3959158238660406,0.2164903889677336,0.3228594809047802
2015-06-30,2015-08-31,2,0.36300393039423423,0.30399513509392834,0.2164415258942398
2015-06-30,2015-09-30,3,0.3300117204563791,0.3710858910871966,0.0417461283316544
2015-06-30,2015-12-31,6,0.256186431136958,0.4277204150131942,0.4299299581445037
2015-06-30,2016-06-30,12,0.14922321091670293,0.4776600004557599,0.0344923101997629
2015-07-31,2015-08-31,1,0.17012309448861648,0.2189473692998862,0.2164415258942398
2015-07-31,2015-09-30,2,0.15314772622525905,0.3057819193449679,0.0417461283316544
2015-07-31,2015-10-31,3,0.14544121925002862,0.37237269596240813,0.2443136498637033
2015-07-31,2016-01-31,6,0.08364917367199759,0.4285361870495223,0.3277564717789172
2015-07-31,2016-07-31,12,-0.013494605562000606,0.4781119497509229,0.1454052577518849
2015-08-31,2015-09-30,1,0.1129934652701993,0.21658538860660556,0.0417461283316544
2015-08-31,2015-10-31,2,0.12575923693527513,0.30375146787772317,0.2443136498637033
2015-08-31,2015-11-30,3,0.12399899757055576,0.37023576266291824,0.3452048063554702
2015-08-31,2016-02-29,6,0.06435451382918425,0.4263441453548576,-0.1115595149858372
2015-08-31,2016-08-31,12,-0.024205228422081615,0.47586710650097025,0.2172429172254908
2015-09-30,2015-10-31,1,0.11775389488985694,0.22385489458969993,0.2443136498637033
2015-09-30,2015-11-30,2,0.016867839531152513,0.3098800361409124,0.3452048063554702
2015-09-30,2015-12-31,3,-0.05700154175787329,0.37545280169326983,0.4299299581445037
2015-09-30,2016-03-31,6,-0.1905491969828155,0.4309052728992556,-0.0805872491818293
2015-09-30,2016-09-30,12,-0.35400444840463613,0.4798877910869285,0.4071998117309405
2015-10-31,2015-11-30,1,0.21584318422591697,0.23436090988910313,0.3452048063554702
2015-10-31,2015-12-31,2,0.12616016433129704,0.3186233439878444,0.4299299581445037
2015-10-31,2016-01-31,3,0.04418564616701143,0.38251514062794634,0.3277564717789172
2015-10-31,2016-04-30,6,-0.11498442582770307,0.4367948932901756,-0.1842355295324171
2015-10-31,2016-10-31,12,-0.29746817000882364,0.4848862939549166,0.5217267794975333
2015-11-30,2015-12-31,1,0.34962933822419934,0.2147333088016938,0.4299299581445037
2015-11-30,2016-01-31,2,0.34749513199104154,0.300794977378086,0.3277564717789172
2015-11-30,2016-02-29,3,0.31226523197427536,0.3664786244495233,-0.1115595149858372
2015-11-30,2016-05-31,6,0.2289359229785676,0.4220020808685047,-0.1310160193004339
2015-11-30,2016-11-30,12,0.13517231244317382,0.47101571937880776,0.6081735173723457
2015-12-31,2016-01-31,1,0.30410247032323007,0.22959152987921483,0.3277564717789172
2015-12-31,2016-02-29,2,0.2589015473435204,0.31627672388538164,-0.1115595149858372
2015-12-31,2016-03-31,3,0.191706712435343,0.38174254877378183,-0.0805872491818293
2015-12-31,2016-06-30,6,0.0048540215541237886,0.4371633192450925,0.0344923101997629
2015-12-31,2016-12-31,12,-0.19287981200220455,0.48622030869124583,1.126099940306613
2016-01-31,2016-02-29,1,0.05159453169643474,0.26083541317524794,-0.1115595149858372
2016-01-31,2016-03-31,2,-9.704890476602834e-05,0.341047197372876,-0.0805872491818293
2016-01-31,2016-04-30,3,-0.11890828248880947,0.4022696056552695,-0.1842355295324171
2016-01-31,2016-07-31,6,-0.3366944696859061,0.4549544555001416,0.1454052577518849
2016-01-31,2017-01-31,12,-0.5667153889558433,0.5020346804078758,1.7264020735201058
2016-02-29,2016-03-31,1,0.07632965015406924,0.2332890835756449,-0.0805872491818293
2016-02-29,2016-04-30,2,0.022891589999886844,0.32143177229596587,-0.1842355295324171
2016-02-29,2016-05-31,3,-0.039313382365511754,0.387267982808457,-0.1310160193004339
2016-02-29,2016-08-31,6,-0.11202162589482803,0.44306970415887703,0.2172429172254908
2016-02-29,2017-02-28,12,-0.23367876972997775,0.49251202744042033,1.9642891917768468
2016-03-31,2016-04-30,1,-0.058966934067621685,0.22972981049101512,-0.1842355295324171
2016-03-31,2016-05-31,2,0.026799732260962758,0.3154989706071729,-0.1310160193004339
2016-03-31,2016-06-30,3,0.11032177662461756,0.3817943485844859,0.0344923101997629
2016-03-31,2016-09-30,6,0.1678396955244839,0.4378915073261337,0.4071998117309405
2016-03-31,2017-03-31,12,0.15472678416360727,0.48749045391503265,1.6428700982078714
2016-04-30,2016-05-31,1,-0.153132742027976,0.2264657374671886,-0.1310160193004339
2016-04-30,2016-06-30,2,-0.23197483365675625,0.31299360550862104,0.0344923101997629
2016-04-30,2016-07-31,3,-0.26326924680074515,0.37933931521350717,0.1454052577518849
2016-04-30,2016-10-31,6,-0.3238646163590342,0.43534416826812067,0.5217267794975333
2016-04-30,2017-04-30,12,-0.4321206625301851,0.484844274115412,1.810697791263216
2016-05-31,2016-06-30,1,-0.1388578512491077,0.23144701995177902,0.0344923101997629
2016-05-31,2016-07-31,2,-0.24609009136286475,0.3169521332526023,0.1454052577518849
2016-05-31,2016-08-31,3,-0.2918529525131592,0.3825341348539766,0.2172429172254908
2016-05-31,2016-11-30,6,-0.3636074500854417,0.4381659601506346,0.6081735173723457
2016-05-31,2017-05-31,12,-0.452960455302154,0.4874356904475143,1.4456648390557492
2016-06-30,2016-07-31,1,0.042664553106239705,0.22182290990688103,0.1454052577518849
2016-06-30,2016-08-31,2,0.03353501944088644,0.3083916791660546,0.2172429172254908
2016-06-30,2016-09-30,3,0.021122925365986374,0.37478206570781214,0.4071998117309405
2016-06-30,2016-12-31,6,-0.039086693364379865,0.43096753211454053,1.126099940306613
2016-06-30,2017-06-30,12,-0.12543063524690506,0.48060834123861984,1.2092176584805436
2016-07-31,2016-08-31,1,0.026337503935022724,0.22174044320392702,0.2172429172254908
2016-07-31,2016-09-30,2,0.017983169412365607,0.30883725866070505,0.4071998117309405
2016-07-31,2016-10-31,3,0.004522930959257904,0.37510989128492245,0.5217267794975333
2016-07-31,2017-01-31,6,-0.08245590424740465,0.4310182396579712,1.7264020735201058
2016-07-31,2017-07-31,12,-0.1919351772093409,0.4804059993456838,1.256212422891778
2016-08-31,2016-09-30,1,0.0707976162333803,0.21944452572729428,0.4071998117309405
2016-08-31,2016-10-31,2,0.02842954321442956,0.3060439544604686,0.5217267794975333
2016-08-31,2016-11-30,3,-0.03041916823688043,0.3723832227086248,0.6081735173723457
2016-08-31,2017-02-28,6,-0.1874741071517547,0.42840226010451105,1.9642891917768468
2016-08-31,2017-08-31,12,-0.363722925785129,0.47782394744852286,1.4541090176512173
2016-09-30,2016-10-31,1,0.5456591240513446,0.22153067575553556,0.5217267794975333
2016-09-30,2016-11-30,2,0.6107169085894655,0.3074175449863627,0.6081735173723457
2016-09-30,2016-12-31,3,0.5977292123979017,0.3731898416603042,1.126099940306613
2016-09-30,2017-03-31,6,0.5333275863152669,0.42860510754655967,1.6428700982078714
2016-09-30,2017-09-30,12,0.44421072318527965,0.47755440302415136,1.5432963834989932
2016-10-31,2016-11-30,1,0.6352892555185712,0.22177711837278746,0.6081735173723457
2016-10-31,2016-12-31,2,0.834526429750051,0.3074021201123841,1.126099940306613
2016-10-31,2017-01-31,3,0.9001087273309938,0.37281267250836975,1.7264020735201058
2016-10-31,2017-04-30,6,0.9367032925946339,0.4279716729467,1.810697791263216
2016-10-31,2017-10-31,12,0.9372527363306815,0.4766921195277822,1.384497597576262
2016-11-30,2016-12-31,1,0.5413096335961836,0.22650700005542915,1.126099940306613
2016-11-30,2017-01-31,2,0.4502208636859584,0.31172174545711895,1.7264020735201058
2016-11-30,2017-02-28,3,0.3866701106731839,0.37618939610989227,1.9642891917768468
2016-11-30,2017-05-31,6,0.2827144006780929,0.43068061947100156,1.4456648390557492
2016-11-30,2017-11-30,12,0.1462142044480308,0.4788683042619024,1.5674268666955316
2016-12-31,2017-01-31,1,1.047729277047517,0.2239658095733441,1.7264020735201058
2016-12-31,2017-02-28,2,1.081270586370656,0.3083357553701732,1.9642891917768468
2016-12-31,2017-03-31,3,1.0735381951686507,0.3725896365692443,1.6428700982078714
2016-12-31,2017-06-30,6,1.0136807116587747,0.4270702450131037,1.2092176584805436
2016-12-31,2017-12-31,12,0.933195151126967,0.4753167366150964,1.3674447679731028
2017-01-31,2017-02-28,1,1.7434049160574048,0.21978919043860518,1.9642891917768468
2017-01-31,2017-03-31,2,1.717277704958378,0.30491911115225656,1.6428700982078714
2017-01-31,2017-04-30,3,1.659048997983962,0.36948157167538637,1.810697791263216
2017-01-31,2017-07-31,6,1.515424879509041,0.4241177800153893,1.256212422891778
2017-01-31,2018-01-31,12,1.3736147969164119,0.4724155197993063,1.3079154700317508
2017-02-28,2017-03-31,1,1.733170395187967,0.22073119373194217,1.6428700982078714
2017-02-28,2017-04-30,2,1.5529169835521688,0.3064868620021951,1.810697791263216
2017-02-28,2017-05-31,3,1.4515194527000723,0.37255751872477927,1.4456648390557492
2017-02-28,2017-08-31,6,1.2266335410015587,0.42834342476867815,1.4541090176512173
2017-02-28,2018-02-28,12,0.9759551717240351,0.47752742460297004,1.1466561997395264
2017-03-31,2017-04-30,1,1.743681766132627,0.21968639556993177,1.810697791263216
2017-03-31,2017-05-31,2,1.7141159393469647,0.30686945284656,1.4456648390557492
2017-03-31,2017-06-30,3,1.664379662037787,0.37262656433505775,1.2092176584805436
2017-03-31,2017-09-30,6,1.6132854656150695,0.4280858714447452,1.5432963834989932
2017-03-31,2018-03-31,12,1.5429828282987985,0.47709342898990764,1.375836409945097
2017-04-30,2017-05-31,1,1.7524658743399129,0.22641479144662843,1.4456648390557492
2017-04-30,2017-06-30,2,1.7340614845163513,0.31078674512622334,1.2092176584805436
2017-04-30,2017-07-31,3,1.7264830033111265,0.3758989581743491,1.256212422891778
2017-04-30,2017-10-31,6,1.638542650626502,0.4310063912697189,1.384497597576262
2017-04-30,2018-04-30,12,1.5108683973816541,0.47973597245777483,1.32494258778888
2017-05-31,2017-06-30,1,1.539775093824359,0.21219223329400186,1.2092176584805436
2017-05-31,2017-07-31,2,1.52414887743786,0.29898752645759963,1.256212422891778
2017-05-31,2017-08-31,3,1.5215596485015699,0.3654173845863738,1.4541090176512173
2017-05-31,2017-11-30,6,1.5190052150971987,0.4214584431309589,1.5674268666955316
2017-05-31,2018-05-31,12,1.4669313773090622,0.4708584223245474,1.881425411885318
2017-06-30,2017-07-31,1,1.397629441106797,0.215301894020086,1.256212422891778
2017-06-30,2017-08-31,2,1.4616257829863,0.30103327695912624,1.4541090176512173
2017-06-30,2017-09-30,3,1.4873059779237001,0.36683746436504816,1.5432963834989932
2017-06-30,2017-12-31,6,1.520404836271118,0.4224215044864129,1.3674447679731028
2017-06-30,2018-06-30,12,1.5064892910841836,0.47146695528885896,2.016570786329108
2017-07-31,2017-08-31,1,1.5152282288792172,0.21721252552324888,1.4541090176512173
2017-07-31,2017-09-30,2,1.6570157551886067,0.3030582333752266,1.5432963834989932
2017-07-31,2017-10-31,3,1.6917055032416901,0.36838908840448353,1.384497597576262
2017-07-31,2018-01-31,6,1.7127276995388532,0.4235077968014667,1.3079154700317508
2017-07-31,2018-07-31,12,1.68871429311435,0.4721585604686564,2.1249685552858333
2017-08-31,2017-09-30,1,1.6743830827434856,0.21232487393127872,1.5432963834989932
2017-08-31,2017-10-31,2,1.7684484763874893,0.2983669331605016,1.384497597576262
2017-08-31,2017-11-30,3,1.8010653036141988,0.364184008756395,1.5674268666955316
2017-08-31,2018-02-28,6,1.8327232279499144,0.41970366203734705,1.1466561997395264
2017-08-31,2018-08-31,12,1.8171966817597651,0.4686537110973054,2.039064822252845
2017-09-30,2017-10-31,1,1.5396096460845716,0.21837376360004376,1.384497597576262
2017-09-30,2017-11-30,2,1.5964627897642283,0.3021340791702928,1.5674268666955316
2017-09-30,2017-12-31,3,1.6306535520571885,0.3668707539631016,1.3674447679731028
2017-09-30,2018-03-31,6,1.658593311914215,0.42167614050137825,1.375836409945097
2017-09-30,2018-09-30,12,1.6457386964082668,0.4701115224068601,2.0984195911589287
2017-10-31,2017-11-30,1,1.5610976570622854,0.227470332783991,1.5674268666955316
2017-10-31,2017-12-31,2,1.520122411841263,0.311405289943938,1.3674447679731028
2017-10-31,2018-01-31,3,1.5272207950042311,0.3747445598962102,1.3079154700317508
2017-10-31,2018-04-30,6,1.5403859543627747,0.42844058927832646,1.32494258778888
2017-10-31,2018-10-31,12,1.5040379265251447,0.47600282755904794,2.279389222599204
2017-11-30,2017-12-31,1,1.6621443579434896,0.2176181089962214,1.3674447679731028
2017-11-30,2018-01-31,2,1.7390415139814221,0.3018426196858653,1.3079154700317508
2017-11-30,2018-02-28,3,1.7785975230646076,0.36609131631710456,1.1466561997395264
2017-11-30,2018-05-31,6,1.811961337110057,0.4204709598560298,1.881425411885318
2017-11-30,2018-11-30,12,1.8020021219010456,0.4685469574381975,1.9636215250254496
2017-12-31,2018-01-31,1,1.7305948705432632,0.2172298099884776,1.3079154700317508
2017-12-31,2018-02-28,2,1.8180211051010082,0.3034560475345811,1.1466561997395264
2017-12-31,2018-03-31,3,1.8814760068417256,0.3688860087933776,1.375836409945097
2017-12-31,2018-06-30,6,2.018350655347683,0.42411855213188865,2.016570786329108
2017-12-31,2018-12-31,12,2.1078732980292907,0.4728406896349617,1.5512300442355187
2018-01-31,2018-02-28,1,1.5583589738989887,0.21928186694287422,1.1466561997395264
2018-01-31,2018-03-31,2,1.6658294473211628,0.3043185367593862,1.375836409945097
2018-01-31,2018-04-30,3,1.7399621551176736,0.36957562391302,1.32494258778888
2018-01-31,2018-07-31,6,1.8591742391164172,0.42468123126907054,2.1249685552858333
2018-01-31,2019-01-31,12,1.9321902524950292,0.4733138066314528,1.2556502753770182
2018-02-28,2018-03-31,1,1.3053952865428116,0.22519476234734495,1.375836409945097
2018-02-28,2018-04-30,2,1.527224717813257,0.30907504432171123,1.32494258778888
2018-02-28,2018-05-31,3,1.650178867028604,0.3732034418923131,1.881425411885318
2018-02-28,2018-08-31,6,1.8152536674527546,0.42750889418940036,2.039064822252845
2018-02-28,2019-02-28,12,1.9277395910011723,0.47558227686933663,1.3847719083843524
2018-03-31,2018-04-30,1,1.2458137198112607,0.22305024562691897,1.32494258778888
2018-03-31,2018-05-31,2,1.1697182118336236,0.3087830861195373,1.881425411885318
2018-03-31,2018-06-30,3,1.147329211362607,0.3741404927044879,2.016570786329108
2018-03-31,2018-09-30,6,1.0845331326618783,0.42931977307501495,2.0984195911589287
2018-03-31,2019-03-31,12,1.0278956185912371,0.4781296698912438,1.4443583829849782
2018-04-30,2018-05-31,1,1.5854001428468838,0.2266261929947254,1.881425411885318
2018-04-30,2018-06-30,2,1.7570947544655195,0.31071178026998125,2.016570786329108
2018-04-30,2018-07-31,3,1.8256794244977943,0.37597578405021076,2.1249685552858333
2018-04-30,2018-10-31,6,1.9541770225964612,0.4312851084232999,2.279389222599204
2018-04-30,2019-04-30,12,2.0421376060964267,0.48021903754621764,1.6150196467889175
2018-05-31,2018-06-30,1,1.9152436420337924,0.22565899929676184,2.016570786329108
2018-05-31,2018-07-31,2,1.9833479975794148,0.31327461743957496,2.1249685552858333
2018-05-31,2018-08-31,3,2.0156171477731566,0.3806611631706792,2.039064822252845
2018-05-31,2018-11-30,6,2.021295644734723,0.43754368653535586,1.9636215250254496
2018-05-31,2019-05-31,12,2.003450586358012,0.4877386079616793,1.2756740410111878
2018-06-30,2018-07-31,1,1.9643234382026908,0.2201275632150434,2.1249685552858333
2018-06-30,2018-08-31,2,1.9492193906614967,0.30883249328350276,2.039064822252845
2018-06-30,2018-09-30,3,1.916961123001614,0.37683535971475857,2.0984195911589287
2018-06-30,2018-12-31,6,1.8477649184965266,0.43423738638984755,1.5512300442355187
2018-06-30,2019-06-30,12,1.7882011073535382,0.4848725596991214,1.2201254350985955
2018-07-31,2018-08-31,1,2.1262987705991394,0.22010595148829884,2.039064822252845
2018-07-31,2018-09-30,2,2.1335468780344433,0.3084264840786384,2.0984195911589287
2018-07-31,2018-10-31,3,2.1266995484398814,0.3761732872742951,2.279389222599204
2018-07-31,2019-01-31,6,2.117273745712626,0.43337035131855717,1.2556502753770182
2018-07-31,2019-07-31,12,2.0942084562958283,0.4838377782609982,1.1081275930239665
2018-08-31,2018-09-30,1,2.0764158137171185,0.21774955425882236,2.0984195911589287
2018-08-31,2018-10-31,2,2.0922913905882665,0.30624539680061896,2.279389222599204
2018-08-31,2018-11-30,3,2.100267236680529,0.3742286560942536,1.9636215250254496
2018-08-31,2019-02-28,6,2.115310705993946,0.4316113769744697,1.3847719083843524
2018-08-31,2019-08-31,12,2.1167140047808073,0.48220457627664165,1.0936824694169456
2018-09-30,2018-10-31,1,2.177436802356676,0.217697485156271,2.279389222599204
2018-09-30,2018-11-30,2,2.1982362065276226,0.30599046833793736,1.9636215250254496
2018-09-30,2018-12-31,3,2.2260319415305787,0.3737553483651025,1.5512300442355187
2018-09-30,2019-03-31,6,2.264473148600153,0.4309143239986516,1.4443583829849782
2018-09-30,2019-09-30,12,2.277704780590961,0.4813068569830385,0.9026507996250376
2018-10-31,2018-11-30,1,2.3744714219362195,0.23540162369123205,1.9636215250254496
2018-10-31,2018-12-31,2,2.441799237218838,0.31995897341791396,1.5512300442355187
2018-10-31,2019-01-31,3,2.4981179480918065,0.385481460736252,1.2556502753770182
2018-10-31,2019-04-30,6,2.5606466600580293,0.4412413881196489,1.6150196467889175
2018-10-31,2019-10-31,12,2.590161777856155,0.4906640937282251,0.7920026807984204
2018-11-30,2018-12-31,1,2.0783552787060455,0.2227442495049241,1.5512300442355187
2018-11-30,2019-01-31,2,2.084157185098186,0.30964135606355275,1.2556502753770182
2018-11-30,2019-02-28,3,2.0848466797386482,0.3765111507772021,1.3847719083843524
2018-11-30,2019-05-31,6,2.102068356284016,0.43308770128596724,1.2756740410111878
2018-11-30,2019-11-30,12,2.1083209599179913,0.4830512670711443,0.9096863003962952
2018-12-31,2019-01-31,1,1.3906721059057434,0.22972072197963286,1.2556502753770182
2018-12-31,2019-02-28,2,1.3075267794339902,0.3157956647665546,1.3847719083843524
2018-12-31,2019-03-31,3,1.290449248318736,0.3820197673726821,1.4443583829849782
2018-12-31,2019-06-30,6,1.2472655032721875,0.43818402960017755,1.2201254350985955
2018-12-31,2019-12-31,12,1.1945110315143144,0.48790756274815955,1.342818581084404
2019-01-31,2019-02-28,1,1.0410410573960367,0.22393763393814375,1.3847719083843524
2019-01-31,2019-03-31,2,0.9482758822490192,0.31183220945400175,1.4443583829849782
2019-01-31,2019-04-30,3,0.9292846900109532,0.3786626414991797,1.6150196467889175
2019-01-31,2019-07-31,6,0.8972933578880447,0.43504840209006235,1.1081275930239665
2019-01-31,2020-01-31,12,0.8560833750286581,0.4848625949072408,1.358378366375934
2019-02-28,2019-03-31,1,1.4474965552307972,0.22232832214254009,1.4443583829849782
2019-02-28,2019-04-30,2,1.3897108246121868,0.309106705559564,1.6150196467889175
2019-02-28,2019-05-31,3,1.3470708987637348,0.3758809494525092,1.2756740410111878
2019-02-28,2019-08-31,6,1.2923804184502177,0.4323251753975368,1.0936824694169456
2019-02-28,2020-02-29,12,1.243233912683738,0.4821642390999525,1.211515585385703
2019-03-31,2019-04-30,1,1.7779368084268325,0.22425449589663748,1.6150196467889175
2019-03-31,2019-05-31,2,1.9152060038326724,0.3113621809007037,1.2756740410111878
2019-03-31,2019-06-30,3,1.9661139233545597,0.37777699472875376,1.2201254350985955
2019-03-31,2019-09-30,6,2.051939259409807,0.43387537960250594,0.9026507996250376
2019-03-31,2020-03-31,12,2.0969580086187323,0.48344623288532557,0.7930543265016965
2019-04-30,2019-05-31,1,1.6151172549920045,0.21952105997428584,1.2756740410111878
2019-04-30,2019-06-30,2,1.5784597871166055,0.30747281751279376,1.2201254350985955
2019-04-30,2019-07-31,3,1.5701658681641981,0.3749103286524986,1.1081275930239665
2019-04-30,2019-10-31,6,1.5537831935747015,0.43188614376117107,0.7920026807984204
2019-04-30,2020-04-30,12,1.5296020209018928,0.4821611687877372,0.3167541835985554
2019-05-31,2019-06-30,1,1.5089488140029135,0.22707871720885403,1.2201254350985955
2019-05-31,2019-07-31,2,1.579196155667383,0.31572425534962345,1.1081275930239665
2019-05-31,2019-08-31,3,1.6202178040209838,0.3838055681278929,1.0936824694169456
2019-05-31,2019-11-30,6,1.7094719741423476,0.44142211125753134,0.9096863003962952
2019-05-31,2020-05-31,12,1.7680131752824417,0.49230054330748363,0.065534352697183
2019-06-30,2019-07-31,1,1.377177161873201,0.22365835798317188,1.1081275930239665
2019-06-30,2019-08-31,2,1.4515855538122078,0.3126600153579842,1.0936824694169456
2019-06-30,2019-09-30,3,1.5120070359826272,0.3809940708619459,0.9026507996250376
2019-06-30,2019-12-31,6,1.5926489983637406,0.43867741765585905,1.342818581084404
2019-06-30,2020-06-30,12,1.6414928104191164,0.4895786018688625,0.239581825670565
2019-07-31,2019-08-31,1,1.1263787290565526,0.22034482599470917,1.0936824694169456
2019-07-31,2019-09-30,2,1.1176314752149872,0.3095522297936031,0.9026507996250376
2019-07-31,2019-10-31,3,1.1171779058954068,0.37793871871813894,0.7920026807984204
2019-07-31,2020-01-31,6,1.1293585297782862,0.4356685074551292,1.358378366375934
2019-07-31,2020-07-31,12,1.1397808685783717,0.48658063551768516,0.3204772775317055
2019-08-31,2019-09-30,1,1.1954537084489687,0.22125884487054817,0.9026507996250376
2019-08-31,2019-10-31,2,1.2189584859882696,0.3097511657085586,0.7920026807984204
2019-08-31,2019-11-30,3,1.2326761554275352,0.3778190603057149,0.9096863003962952
2019-08-31,2020-02-29,6,1.266147093133224,0.4353186379856453,1.211515585385703
2019-08-31,2020-08-31,12,1.2912797923211112,0.48604862072171645,-0.2258006807932533
2019-09-30,2019-10-31,1,0.878699953635413,0.22094344874681407,0.7920026807984204
2019-09-30,2019-11-30,2,0.846727337650495,0.30912554020423905,0.9096863003962952
2019-09-30,2019-12-31,3,0.8514981984747678,0.37691221518630624,1.342818581084404
2019-09-30,2020-03-31,6,0.8562953082229838,0.4342002452040879,0.7930543265016965
2019-09-30,2020-09-30,12,0.8583108308437032,0.4847602505693468,-0.2999496213319297
2019-10-31,2019-11-30,1,0.8575298602334431,0.22182370089753842,0.9096863003962952
2019-10-31,2019-12-31,2,0.8767883423733475,0.3096492756500495,1.342818581084404
2019-10-31,2020-01-31,3,0.8890988840780267,0.3773057265827593,1.358378366375934
2019-10-31,2020-04-30,6,0.9119231268580144,0.43451683855819945,0.3167541835985554
2019-10-31,2020-10-31,12,0.9359881057690347,0.48501359761633844,-0.2567703597561199
2019-11-30,2019-12-31,1,0.6429332732686,0.22512234982847248,1.342818581084404
2019-11-30,2020-01-31,2,0.6044473908826645,0.313856300391311,1.358378366375934
2019-11-30,2020-02-29,3,0.5944774995839541,0.38158356956100364,1.211515585385703
2019-11-30,2020-05-31,6,0.5501038552969499,0.43884995464374005,0.065534352697183
2019-11-30,2020-11-30,12,0.5158625556732511,0.48943637526671274,-0.244662223770864
2019-12-31,2020-01-31,1,1.336337074608092,0.2244725493730428,1.358378366375934
2019-12-31,2020-02-29,2,1.3494174296072519,0.31273478248100484,1.211515585385703
2019-12-31,2020-03-31,3,1.3311718736561593,0.38043476859300923,0.7930543265016965
2019-12-31,2020-06-30,6,1.277603000434193,0.43767855053099414,0.239581825670565
2019-12-31,2020-12-31,12,1.2378738837995626,0.48823455929798687,-0.2511429946374099
2020-01-31,2020-02-29,1,1.5295901828940013,0.22570114758614562,1.211515585385703
2020-01-31,2020-03-31,2,1.5748211687460245,0.3148260616047242,0.7930543265016965
2020-01-31,2020-04-30,3,1.5839701430982818,0.3826909933783236,0.3167541835985554
2020-01-31,2020-07-31,6,1.5842872867794615,0.4398871777763177,0.3204772775317055
2020-01-31,2021-01-31,12,1.5723021955449439,0.49039811736670375,0.7325074258367037
2020-02-29,2020-03-31,1,1.3163805313864025,0.21909630338982417,0.7930543265016965
2020-02-29,2020-04-30,2,1.3285880712386295,0.30823710383567315,0.3167541835985554
2020-02-29,2020-05-31,3,1.3307064328232951,0.3764899796170616,0.065534352697183
2020-02-29,2020-08-31,6,1.335838656413632,0.4341163402160904,-0.2258006807932533
2020-02-29,2021-02-28,12,1.3329983288306564,0.4849386989612428,0.7869650279711315
2020-03-31,2020-04-30,1,0.7601767583171711,0.21800150134179705,0.3167541835985554
2020-03-31,2020-05-31,2,0.7300572949893177,0.30666526279045725,0.065534352697183
2020-03-31,2020-06-30,3,0.7132909402159949,0.37484526810628227,0.239581825670565
2020-03-31,2020-09-30,6,0.6909731591838506,0.43239285320013515,-0.2999496213319297
2020-03-31,2021-03-31,12,0.6683813314256185,0.4831315014216442,1.2551369368191123
2020-04-30,2020-05-31,1,0.1989575863228141,0.2271010654275818,0.065534352697183
2020-04-30,2020-06-30,2,0.12178514770345847,0.3141708328973168,0.239581825670565
2020-04-30,2020-07-31,3,0.08797460216740802,0.3812275543661275,0.3204772775317055
2020-04-30,2020-10-31,6,0.05752157086704762,0.43796594613094086,-0.2567703597561199
2020-04-30,2021-04-30,12,0.03463844416698064,0.4881130218970615,1.6021927992195373
2020-05-31,2020-06-30,1,-0.1451239920892054,0.22588988467191512,0.239581825670565
2020-05-31,2020-07-31,2,-0.1934720646603486,0.31308540754331904,0.3204772775317055
2020-05-31,2020-08-31,3,-0.20134528617564235,0.38021784619803617,-0.2258006807932533
2020-05-31,2020-11-30,6,-0.2504278400280121,0.4370623211771623,-0.244662223770864
2020-05-31,2021-05-31,12,-0.3004422147839273,0.48728958825037794,1.9602497050500656
2020-06-30,2020-07-31,1,0.026229060270320487,0.22400963058314632,0.3204772775317055
2020-06-30,2020-08-31,2,0.0027415272875793706,0.3120613932625957,-0.2258006807932533
2020-06-30,2020-09-30,3,-0.035060790752184795,0.3794218429380457,-0.2999496213319297
2020-06-30,2020-12-31,6,-0.12895505373114433,0.4363344063268471,-0.2511429946374099
2020-06-30,2021-06-30,12,-0.21280200584576273,0.48656396560730386,2.01354617091285
2020-07-31,2020-08-31,1,0.25271867419773536,0.21954704453907975,-0.2258006807932533
2020-07-31,2020-09-30,2,0.20386343787653183,0.3078289534111377,-0.2999496213319297
2020-07-31,2020-10-31,3,0.16500786253699457,0.3755524467997693,-0.2567703597561199
2020-07-31,2021-01-31,6,0.07609664708045683,0.4326837595267405,0.7325074258367037
2020-07-31,2021-07-31,12,0.00042140460818940184,0.4830615022077315,2.380361051841273
2020-08-31,2020-09-30,1,-0.4269788455847713,0.2202134693834944,-0.2999496213319297
2020-08-31,2020-10-31,2,-0.45930054935958353,0.30817250013641434,-0.2567703597561199
2020-08-31,2020-11-30,3,-0.4822144684000764,0.3754689164372188,-0.244662223770864
2020-08-31,2021-02-28,6,-0.5474836811766458,0.43229293677304204,0.7869650279711315
2020-08-31,2021-08-31,12,-0.6124009217916573,0.48242947180664675,3.1732997264668272
2020-09-30,2020-10-31,1,-0.3623051400633367,0.21866994377181248,-0.2567703597561199
2020-09-30,2020-11-30,2,-0.3681477406935717,0.30598343077095924,-0.244662223770864
2020-09-30,2020-12-31,3,-0.3590896741290657,0.37317681169819644,-0.2511429946374099
2020-09-30,2021-03-31,6,-0.3626291469318929,0.4299463187112156,1.2551369368191123
2020-09-30,2021-09-30,12,-0.3871065442174504,0.4800351184229161,3.475072881245733
2020-10-31,2020-11-30,1,-0.27856688763365883,0.22386233218739574,-0.244662223770864
2020-10-31,2020-12-31,2,-0.21794908454835565,0.31009177991033143,-0.2511429946374099
2020-10-31,2021-01-31,3,-0.1965260251751453,0.3763726689387053,0.7325074258367037
2020-10-31,2021-04-30,6,-0.18950412057639018,0.4324863896578816,1.6021927992195373
2020-10-31,2021-10-31,12,-0.20134455016199243,0.4820774011403867,4.135839654419748
2020-11-30,2020-12-31,1,-0.05113117448811194,0.21907570418601832,-0.2511429946374099
2020-11-30,2021-01-31,2,-0.0017994336520402443,0.3060527013593016,0.7325074258367037
2020-11-30,2021-02-28,3,0.027580472990075933,0.372826687019943,0.7869650279711315
2020-11-30,2021-05-31,6,0.06695588617873577,0.4292200443816391,1.9602497050500656
2020-11-30,2021-11-30,12,0.0726311306330682,0.4789944420464831,4.776178883623405
2020-12-31,2021-01-31,1,-0.3620444998679436,0.2238409095330281,0.7325074258367037
2020-12-31,2021-02-28,2,-0.3725891400229665,0.30973238847073814,0.7869650279711315
2020-12-31,2021-03-31,3,-0.3646553577146573,0.37581111337330786,1.2551369368191123
2020-12-31,2021-06-30,6,-0.3617470007028395,0.4318301233224666,2.01354617091285
2020-12-31,2021-12-31,12,-0.38240237559056117,0.4813649555726631,5.003092995036562
2021-01-31,2021-02-28,1,0.7430158065493718,0.2294754847367804,0.7869650279711315
2021-01-31,2021-03-31,2,0.780730368222867,0.3144919761571103,1.2551369368191123
2021-01-31,2021-04-30,3,0.7913889628198615,0.3800034627684771,1.6021927992195373
2021-01-31,2021-07-31,6,0.7634600645931863,0.4354523089197633,2.380361051841273
2021-01-31,2022-01-31,12,0.7296575614521325,0.48450087065027786,5.08856137301219
2021-02-28,2021-03-31,1,0.7557415857376196,0.21605127992665596,1.2551369368191123
2021-02-28,2021-04-30,2,0.770554098877227,0.3036126337996084,1.6021927992195373
2021-02-28,2021-05-31,3,0.7586264756223174,0.3705194613494335,1.9602497050500656
2021-02-28,2021-08-31,6,0.7130058724277157,0.42696029414100284,3.1732997264668272
2021-02-28,2022-02-28,12,0.6638042785708209,0.47672524548043954,5.822182063523629
2021-03-31,2021-04-30,1,1.0037264177827905,0.2522051918366937,1.6021927992195373
2021-03-31,2021-05-31,2,0.8760648596536496,0.3368671721948505,1.9602497050500656
2021-03-31,2021-06-30,3,0.7632890841565141,0.39971809904743183,2.01354617091285
2021-03-31,2021-09-30,6,0.5432412441390431,0.4534463813570324,3.475072881245733
2021-03-31,2022-03-31,12,0.3838592791668167,0.5013098646755888,7.475060615792795
2021-04-30,2021-05-31,1,1.0962076587917342,0.255076963174239,1.9602497050500656
2021-04-30,2021-06-30,2,0.7049977274067409,0.34032801587061,2.01354617091285
2021-04-30,2021-07-31,3,0.4113675026724579,0.40432661185195656,2.380361051841273
2021-04-30,2021-10-31,6,-0.06455555708684302,0.45840884225993217,4.135839654419748
2021-04-30,2022-04-30,12,-0.38372951943231937,0.5062829769110054,7.468167355829425
2021-05-31,2021-06-30,1,2.137077157869895,0.23485055362048113,2.01354617091285
2021-05-31,2021-07-31,2,2.103109022022003,0.3193909704164062,2.380361051841273
2021-05-31,2021-08-31,3,2.0689317878844076,0.3843382141148335,3.1732997264668272
2021-05-31,2021-11-30,6,2.030733672593391,0.43954673338050193,4.776178883623405
2021-05-31,2022-05-31,12,2.0000110910666025,0.4885128802605511,8.091073475972422
2021-06-30,2021-07-31,1,2.1582077383335174,0.23171391194509453,2.380361051841273
2021-06-30,2021-08-31,2,2.189563484291763,0.3160229292748854,3.1732997264668272
2021-06-30,2021-09-30,3,2.1790859146446406,0.38120283049184206,3.475072881245733
2021-06-30,2021-12-31,6,2.1785688908873633,0.4365511674633984,5.003092995036562
2021-06-30,2022-06-30,12,2.1549707510009966,0.48558021916076055,8.621579406072444
2021-07-31,2021-08-31,1,2.3876987218452554,0.3020185144793464,3.1732997264668272
2021-07-31,2021-09-30,2,2.299363557146979,0.37262765867518105,3.475072881245733
2021-07-31,2021-10-31,3,2.2939836815194385,0.4290611988201047,4.135839654419748
2021-07-31,2022-01-31,6,2.2483010403083257,0.47864340880258144,5.08856137301219
2021-07-31,2022-07-31,12,2.1800705798879347,0.5235256648478557,8.78685513009152
2021-08-31,2021-09-30,1,3.145496178509067,0.2502259386823626,3.475072881245733
2021-08-31,2021-10-31,2,3.028662974162198,0.33170092247303923,4.135839654419748
2021-08-31,2021-11-30,3,2.9632579132775048,0.3951365138904848,4.776178883623405
2021-08-31,2022-02-28,6,2.811143260045147,0.44932985025309385,5.822182063523629
2021-08-31,2022-08-31,12,2.6728921326972173,0.4975449384073008,9.082089420338257
2021-09-30,2021-10-31,1,3.5577062055359088,0.21669016860621168,4.135839654419748
2021-09-30,2021-11-30,2,3.581940783092209,0.3043038745244846,4.776178883623405
2021-09-30,2021-12-31,3,3.5841392692529754,0.37141268274638356,5.003092995036562
2021-09-30,2022-03-31,6,3.562524604669023,0.4280653828196335,7.475060615792795
2021-09-30,2022-09-30,12,3.510730664248266,0.4780392090768833,9.939783712928074
2021-10-31,2021-11-30,1,4.303808146117692,0.22483049917815706,4.776178883623405
2021-10-31,2021-12-31,2,4.34824727497778,0.3106317175018899,5.003092995036562
2021-10-31,2022-01-31,3,4.367809332035967,0.3764734685748647,5.08856137301219
2021-10-31,2022-04-30,6,4.377220223695396,0.43225046832721914,7.468167355829425
2021-10-31,2022-10-31,12,4.338665728569437,0.4815755426987012,10.62756945038763
2021-11-30,2021-12-31,1,5.009703182714821,0.21939702410846393,5.003092995036562
2021-11-30,2022-01-31,2,5.088290544037178,0.30636800294014205,5.08856137301219
2021-11-30,2022-02-28,3,5.101522524648818,0.3728954336311328,5.822182063523629
2021-11-30,2022-05-31,6,5.140996710186989,0.42907580789425137,8.091073475972422
2021-11-30,2022-11-30,12,5.144016735054464,0.47864889298782737,10.08027775102356
2021-12-31,2022-01-31,1,4.8647934279597305,0.2349619649865154,5.08856137301219
2021-12-31,2022-02-28,2,4.777489721238121,0.3189070268064196,5.822182063523629
2021-12-31,2022-03-31,3,4.766883123641604,0.383790382927453,7.475060615792795
2021-12-31,2022-06-30,6,4.776339869666038,0.438762887277199,8.621579406072444
2021-12-31,2022-12-31,12,4.753828637258488,0.48743101237896974,9.234513861314865
2022-01-31,2022-02-28,1,5.127703909932618,0.27700585310400183,5.822182063523629
2022-01-31,2022-03-31,2,5.288186201038165,0.3618652357868105,7.475060615792795
2022-01-31,2022-04-30,3,5.320077359476173,0.42653882000118226,7.468167355829425
2022-01-31,2022-07-31,6,5.479013960022446,0.48195572692996314,8.78685513009152
2022-01-31,2023-01-31,12,5.573007696237584,0.5314388948030695,8.73336437819232
2022-02-28,2022-03-31,1,6.2832759949222385,0.23731463359147856,7.475060615792795
2022-02-28,2022-04-30,2,6.384973589293746,0.32802399887688594,7.468167355829425
2022-02-28,2022-05-31,3,6.499203207360045,0.39736799534653633,8.091073475972422
2022-02-28,2022-08-31,6,6.678968285634468,0.4559667138908744,9.082089420338257
2022-02-28,2023-02-28,12,6.798560743097961,0.5077087698724906,8.538975961432428
2022-03-31,2022-04-30,1,7.959189101295747,0.23861603689992653,7.468167355829425
2022-03-31,2022-05-31,2,8.161413449077065,0.32921617742661213,8.091073475972422
2022-03-31,2022-06-30,3,8.314398255660336,0.3983437715284764,8.621579406072444
2022-03-31,2022-09-30,6,8.573878005026337,0.456712960482814,9.939783712928074
2022-03-31,2023-03-31,12,8.756684991351506,0.508234583318176,6.901036104912883
2022-04-30,2022-05-31,1,7.914900362384461,0.24228319519282288,8.091073475972422
2022-04-30,2022-06-30,2,8.161770097974111,0.3327894434570196,8.621579406072444
2022-04-30,2022-07-31,3,8.32334859586901,0.40165033784495763,8.78685513009152
2022-04-30,2022-10-31,6,8.669269454012795,0.45971218817148696,10.62756945038763
2022-04-30,2023-04-30,12,8.937368747224134,0.5109230159538711,6.987155290385383
2022-05-31,2022-06-30,1,8.525243617827881,0.2344406556085358,8.621579406072444
2022-05-31,2022-07-31,2,8.822059038042829,0.32615332807693365,8.78685513009152
2022-05-31,2022-08-31,3,9.01952173460129,0.39588639167803974,9.082089420338257
2022-05-31,2022-11-30,6,9.415596280357738,0.4545410331913201,10.08027775102356
2022-05-31,2023-05-31,12,9.741379864015652,0.5061623633267213,6.108900386331273
2022-06-30,2022-07-31,1,8.794601175087516,0.23520607029934973,8.78685513009152
2022-06-30,2022-08-31,2,9.023456770641529,0.3266547968064454,9.082089420338257
2022-06-30,2022-09-30,3,9.174272064513834,0.3963366793553081,9.939783712928074
2022-06-30,2022-12-31,6,9.479777100671999,0.45506094676411246,9.234513861314865
2022-06-30,2023-06-30,12,9.728287338866965,0.5068392647697161,5.512087989866932
2022-07-31,2022-08-31,1,8.845959685855554,0.2526237380950536,9.082089420338257
2022-07-31,2022-09-30,2,9.103212180882977,0.3437933362918435,9.939783712928074
2022-07-31,2022-10-31,3,9.308843641515175,0.41212068623859316,10.62756945038763
2022-07-31,2023-01-31,6,9.734892503187327,0.4694734042916996,8.73336437819232
2022-07-31,2023-07-31,12,10.114315876119864,0.5201458858477301,5.141972887551227
2022-08-31,2022-09-30,1,9.312365798810868,0.24407526213297587,9.939783712928074
2022-08-31,2022-10-31,2,9.580234796845742,0.3364506283006687,10.62756945038763
2022-08-31,2022-11-30,3,9.79466833065844,0.4066450574466771,10.08027775102356
2022-08-31,2023-02-28,6,10.167264618906255,0.4658738365073795,8.538975961432428
2022-08-31,2023-08-31,12,10.496059995518014,0.5181940103511401,5.085481077500664
2022-09-30,2022-10-31,1,10.569428417875098,0.2522387082429108,10.62756945038763
2022-09-30,2022-11-30,2,10.821982573794495,0.3428717940965236,10.08027775102356
2022-09-30,2022-12-31,3,10.991512914230611,0.41196695641494685,9.234513861314865
2022-09-30,2023-03-31,6,11.424011770028585,0.47041560611355326,6.901036104912883
2022-09-30,2023-09-30,12,11.839171488155984,0.5221221975824113,4.275633011404367
2022-10-31,2022-11-30,1,11.537856266902924,0.2797753596972631,10.08027775102356
2022-10-31,2022-12-31,2,12.071157640539132,0.37104507458782043,9.234513861314865
2022-10-31,2023-01-31,3,12.414280109534662,0.43811277722026176,8.73336437819232
2022-10-31,2023-04-30,6,13.269553811125828,0.49457639018249877,6.987155290385383
2022-10-31,2023-10-31,12,14.162454506117696,0.5446200058116615,2.8428060024492163
2022-11-30,2022-12-31,1,10.165439917207737,0.24820726955611083,9.234513861314865
2022-11-30,2023-01-31,2,10.365087078108425,0.33856386117992876,8.73336437819232
2022-11-30,2023-02-28,3,10.551760626781924,0.4077646384159423,8.538975961432428
2022-11-30,2023-05-31,6,10.951674788371301,0.4662714673003963,6.108900386331273
2022-11-30,2023-11-30,12,11.347854531468805,0.5180423805537858,2.4577197274536333
2022-12-31,2023-01-31,1,9.556600709502288,0.24388056761034624,8.73336437819232
2022-12-31,2023-02-28,2,9.841069269209907,0.33471320430413115,8.538975961432428
2022-12-31,2023-03-31,3,10.079623746783248,0.4043515722693924,6.901036104912883
2022-12-31,2023-06-30,6,10.593599709563792,0.4632366655225309,5.512087989866932
2022-12-31,2023-12-31,12,11.113911374642282,0.5152485737504031,2.9373674027852514
2023-01-31,2023-02-28,1,9.446497763267825,0.277726346756122,8.538975961432428
2023-01-31,2023-03-31,2,9.84285437601471,0.37057336387124273,6.901036104912883
2023-01-31,2023-04-30,3,10.18724863271575,0.4394173205128401,6.987155290385383
2023-01-31,2023-07-31,6,11.134217963563554,0.4969235543020359,5.141972887551227
2023-01-31,2024-01-31,12,12.223471870005639,0.5474015779231283,2.7492030692441998
2023-02-28,2023-03-31,1,8.704809841921723,0.24551498309363515,6.901036104912883
2023-02-28,2023-04-30,2,8.918522228437594,0.33580797856512334,6.987155290385383
2023-02-28,2023-05-31,3,9.12317198603528,0.40472901958255636,6.108900386331273
2023-02-28,2023-08-31,6,9.538659176104474,0.4630770790290741,5.085481077500664
2023-02-28,2024-02-29,12,9.968802144226903,0.5147269470276137,2.549316398688384
2023-03-31,2023-04-30,1,8.047154645449563,0.29110501050695314,6.987155290385383
2023-03-31,2023-05-31,2,8.892293681904436,0.3898316327288756,6.108900386331273
2023-03-31,2023-06-30,3,9.560757189571094,0.46463510443646816,5.512087989866932
2023-03-31,2023-09-30,6,11.129005952098101,0.527600112356989,4.275633011404367
2023-03-31,2024-03-31,12,12.920038521738059,0.5830622562011687,2.4305439514137994
2023-04-30,2023-05-31,1,7.645767230276315,0.33793593538339467,6.108900386331273
2023-04-30,2023-06-30,2,8.574277195766825,0.44019643904428585,5.512087989866932
2023-04-30,2023-07-31,3,9.253045243946476,0.5138120225378696,5.141972887551227
2023-04-30,2023-10-31,6,10.90952883337452,0.5770506888218431,2.8428060024492163
2023-04-30,2024-04-30,12,13.098229501844958,0.6330247685749872,2.363016580409582
2023-05-31,2023-06-30,1,6.444838424908906,0.287682120492237,5.512087989866932
2023-05-31,2023-07-31,2,6.759313611811193,0.38663575656424637,5.141972887551227
2023-05-31,2023-08-31,3,7.027221995388084,0.46255829673983856,5.085481077500664
2023-05-31,2023-11-30,6,7.625775956319675,0.5270063529081442,2.4577197274536333
2023-05-31,2024-05-31,12,8.287017210985574,0.5840324386088134,2.5621513930247586
2023-06-30,2023-07-31,1,5.887224177917577,0.2944108951082024,5.141972887551227
2023-06-30,2023-08-31,2,6.1263052228494015,0.39590415715638433,5.085481077500664
2023-06-30,2023-09-30,3,6.343510245930951,0.4714501902515158,4.275633011404367
2023-06-30,2023-12-31,6,6.78253229006473,0.5350796991592607,2.9373674027852514
2023-06-30,2024-06-30,12,7.255550127173614,0.591303440528658,2.5092242931773034
2023-07-31,2023-08-31,1,5.183352139064452,0.2922669754415351,5.085481077500664
2023-07-31,2023-09-30,2,5.373065740170866,0.3924728830153815,4.275633011404367
2023-07-31,2023-10-31,3,5.484742663790989,0.4682207729517501,2.8428060024492163
2023-07-31,2024-01-31,6,5.699224990210223,0.5321747398183165,2.7492030692441998
2023-07-31,2024-07-31,12,5.932008099125882,0.5885496966457179,2.526648771901318
2023-08-31,2023-09-30,1,5.344440262325531,0.28273748347056293,4.275633011404367
2023-08-31,2023-10-31,2,5.548763869145172,0.3830255503892383,2.8428060024492163
2023-08-31,2023-11-30,3,5.6690681067612285,0.4591364567489328,2.4577197274536333
2023-08-31,2024-02-29,6,5.937808631581815,0.5234388840624408,2.549316398688384
2023-08-31,2024-08-31,12,6.264515564428384,0.5802500553139771,2.0850316395559343
2023-09-30,2023-10-31,1,4.344650188260893,0.2855250731322683,2.8428060024492163
2023-09-30,2023-11-30,2,4.475703428728201,0.38741478107295413,2.4577197274536333
2023-09-30,2023-12-31,3,4.546943110648864,0.464672660651399,2.9373674027852514
2023-09-30,2024-03-31,6,4.697780893512051,0.5298177288149791,2.4305439514137994
2023-09-30,2024-09-30,12,4.858226381180943,0.5872091490479228,1.7239707315212405
2023-10-31,2023-11-30,1,2.652413651397535,0.3640328949932299,2.4577197274536333
2023-10-31,2023-12-31,2,2.402867248850071,0.46824013420984856,2.9373674027852514
2023-10-31,2024-01-31,3,2.2303011458243787,0.5395855089673879,2.7492030692441998
2023-10-31,2024-04-30,6,1.7520158493059466,0.5992372273018692,2.363016580409582
2023-10-31,2024-10-31,12,1.0739502106527767,0.6523077450818211,2.0044370343696327
2023-11-30,2023-12-31,1,2.297186819679655,0.28823962808441667,2.9373674027852514
2023-11-30,2024-01-31,2,2.1132652508481513,0.3901313011675651,2.7492030692441998
2023-11-30,2024-02-29,3,1.9008338974081365,0.46738980522458073,2.549316398688384
2023-11-30,2024-05-31,6,1.3993352825245722,0.5326521255072282,2.5621513930247586
2023-11-30,2024-11-30,12,0.9499629664537754,0.59034521131821,2.2688331609289847
2023-12-31,2024-01-31,1,3.008400858282436,0.2976627909991151,2.7492030692441998
2023-12-31,2024-02-29,2,3.0585025453303736,0.396342390526841,2.549316398688384
2023-12-31,2024-03-31,3,3.0015954045994624,0.4726727334377062,2.4305439514137994
2023-12-31,2024-06-30,6,2.8730105890647177,0.5377891437473205,2.5092242931773034
2023-12-31,2024-12-31,12,2.8079085905456833,0.5956665266523631,2.452305236500618
2024-01-31,2024-02-29,1,2.3937413851538687,0.29470015917663783,2.549316398688384
2024-01-31,2024-03-31,2,2.1743321622637937,0.4001577783635649,2.4305439514137994
2024-01-31,2024-04-30,3,1.98470739619969,0.48005146167800317,2.363016580409582
2024-01-31,2024-07-31,6,1.4307965017593283,0.5470690480529681,2.526648771901318
2024-01-31,2025-01-31,12,0.7547776845009422,0.6060263004582198,2.480798045620891
2024-02-29,2024-03-31,1,2.3125483049005173,0.2827002771213652,2.4305439514137994
2024-02-29,2024-04-30,2,2.149714952483496,0.3869231476181856,2.363016580409582
2024-02-29,2024-05-31,3,1.9663441284799834,0.4670974928644875,2.5621513930247586
2024-02-29,2024-08-31,6,1.5027823486117862,0.5346359908559095,2.0850316395559343
2024-02-29,2025-02-28,12,0.9813373199481885,0.5940813606416064,2.296153788994149
2024-03-31,2024-04-30,1,1.528177104480057,0.33328389189575747,2.363016580409582
2024-03-31,2024-05-31,2,0.7990673740957592,0.4424646226233039,2.5621513930247586
2024-03-31,2024-06-30,3,0.18837554741393037,0.5248171698906,2.5092242931773034
2024-03-31,2024-09-30,6,-1.1934175972853094,0.5940060724921525,1.7239707315212405
2024-03-31,2025-03-31,12,-2.5119786995431426,0.6549664675253486,2.165430114500544
2024-04-30,2024-05-31,1,1.7873330447136628,0.30970083060217724,2.5621513930247586
2024-04-30,2024-06-30,2,1.2825769436215912,0.4193150916067223,2.5092242931773034
2024-04-30,2024-07-31,3,0.8366956818666367,0.5038431280104042,2.526648771901318
2024-04-30,2024-10-31,6,-0.11192408865203518,0.5754563956390855,2.0044370343696327
2024-04-30,2025-04-30,12,-0.9272201205395194,0.6386981122848754,2.1456015912167503
2024-05-31,2024-06-30,1,2.0914435514665146,0.2944843793371763,2.5092242931773034
2024-05-31,2024-07-31,2,1.658095233706365,0.4074216983499035,2.526648771901318
2024-05-31,2024-08-31,3,1.2988132012425981,0.4938532430650093,2.0850316395559343
2024-05-31,2024-11-30,6,0.38575230300787977,0.5667008506645991,2.2688331609289847
2024-06-30,2024-07-31,1,2.1911882196001455,0.2830073868797316,2.526648771901318
2024-06-30,2024-08-31,2,1.8544592635369752,0.396458581619369,2.0850316395559343
2024-06-30,2024-09-30,3,1.5669516445003593,0.48323906156590346,1.7239707315212405
2024-06-30,2024-12-31,6,0.9319970335717569,0.5562556622891697,2.452305236500618
2024-07-31,2024-08-31,1,2.006177898637464,0.282950303170756,2.0850316395559343
2024-07-31,2024-09-30,2,1.5543921128226286,0.3971904326346191,1.7239707315212405
2024-07-31,2024-10-31,3,1.1566119411703646,0.4841065874817467,2.0044370343696327
2024-07-31,2025-01-31,6,0.27585715412997613,0.5571652547170788,2.480798045620891
2024-08-31,2024-09-30,1,1.8263555379467473,0.2915202189832425,1.7239707315212405
2024-08-31,2024-10-31,2,1.5572744751431555,0.4036708014829572,2.0044370343696327
2024-08-31,2024-11-30,3,1.3711122309820634,0.4890707818194533,2.2688331609289847
2024-08-31,2025-02-28,6,0.9877791229482016,0.561231849742405,2.296153788994149
2024-09-30,2024-10-31,1,1.5091645098556676,0.29097100246715935,2.0044370343696327
2024-09-30,2024-11-30,2,1.2258728439590312,0.4040792781789306,2.2688331609289847
2024-09-30,2024-12-31,3,1.0282508546976792,0.4901969758989157,2.452305236500618
2024-09-30,2025-03-31,6,0.6582311999788197,0.5629040189900515,2.165430114500544
2024-10-31,2024-11-30,1,1.5387568385644737,0.3133046885567816,2.2688331609289847
2024-10-31,2024-12-31,2,1.1344551493455932,0.42737368680893145,2.452305236500618
2024-10-31,2025-01-31,3,0.805576470543101,0.515343667190758,2.480798045620891
2024-10-31,2025-04-30,6,0.13661788997188262,0.5898695636426905,2.1456015912167503
2024-11-30,2024-12-31,1,2.0901984351911014,0.29183096537841613,2.452305236500618
2024-11-30,2025-01-31,2,2.001331557445117,0.4087455857928211,2.480798045620891
2024-11-30,2025-02-28,3,1.9138446400896028,0.49855441670772166,2.296153788994149
2024-12-31,2025-01-31,1,2.436953923029366,0.31252759208823927,2.480798045620891
2024-12-31,2025-02-28,2,2.496685624056784,0.4268321426101744,2.296153788994149
2024-12-31,2025-03-31,3,2.5220329760386804,0.5152142212702923,2.165430114500544
2025-01-31,2025-02-28,1,2.0836685991447252,0.29971029109799846,2.296153788994149
2025-01-31,2025-03-31,2,1.7749955035153921,0.4168967048607243,2.165430114500544
2025-01-31,2025-04-30,3,1.521646911303088,0.5069220562270077,2.1456015912167503
2025-02-28,2025-03-31,1,1.9838558502113364,0.2974261870581812,2.165430114500544
2025-02-28,2025-04-30,2,1.741251419273265,0.4145091105384307,2.1456015912167503
2025-03-31,2025-04-30,1,2.12421667209896,0.29325315226540355,2.1456015912167503
